player_name,total_goals,total_assists,total_shots,total_shots_on_target,total_minutes_played,average_rating
Aaron Goodwin,1,2,12,1,1787,3.4127659574468088
Aaron Metcalfe,1,0,32,2,1807,3.872340425531915
Aaron Souttar,0,0,0,0,1242,2.021276595744681
Aaron Wright,9,5,35,14,1842,4.529787234042553
Abdallah El-Shenawy,0,3,8,0,1597,3.468888888888889
Abdelaziz Abdulla,13,6,86,26,2598,4.565151515151515
Abdelaziz Al-Mohannadi,1,6,19,1,2500,3.56969696969697
Abdelaziz Ismaeel,0,3,10,0,1473,2.896969696969697
Abdiel Davis,3,1,37,7,1555,3.2148936170212763
Abdiel Martinez,1,0,16,1,1678,3.64468085106383
Abdiel Sanchez,2,3,15,2,1818,4.195744680851064
Abdulrahman Al-Hamdan,5,0,14,5,2973,4.703846153846154
Abdulrahman Al-Otaibi,6,5,52,13,1832,4.036538461538462
Abdulrahman Al-Salem,3,5,20,3,2142,3.928846153846154
Achraf Amellah,2,8,36,3,2038,4.0181818181818185
Achraf Bounou,2,2,13,2,2366,4.154545454545454
Achraf El Yamiq,8,3,63,20,1931,4.092727272727273
Achraf Saiss,0,0,0,0,1047,1.509090909090909
Adam Kara,2,1,21,3,1819,4.692682926829268
Adam Toudic,1,0,3,1,1061,2.7902439024390246
Ademola Chukwueze,7,4,30,11,1824,4.279999999999999
Ademola Dessers,1,2,11,1,1570,4.2225
Adrian Rodrigues,1,3,29,4,2076,3.3338983050847455
Adrian Simpson,1,2,17,2,2397,4.196610169491525
Ahmed Abdallah,2,2,9,2,1741,4.173333333333334
Ahmed Al-Dosari,0,1,19,1,2428,3.6893939393939394
Ahmed El-Sayed,2,2,15,2,1823,3.2111111111111112
Ahmed Hussein,3,0,21,3,1459,4.048780487804878
Ahmed Mahmoud,2,4,26,3,2434,3.484848484848485
Ahmed Marmoush,8,2,45,11,1670,3.466666666666667
Ahmed Moutan,2,1,8,2,1743,4.353658536585366
Aissa Bennacer,4,0,6,4,2182,4.206382978723404
Aissa Dhaou,5,3,14,5,1690,4.217021276595744
Ajdin Jones,0,3,22,0,2034,3.9063829787234043
Ajdin Rogic,0,1,12,0,2292,3.904255319148936
Ajdin Souttar,6,9,48,12,1535,3.891489361702128
Akram Al-Ahmad,12,5,63,19,2296,4.543939393939394
Akram Ali,0,0,0,0,1661,2.0060606060606063
Akram Hatem,3,3,12,3,2880,3.890909090909091
Akram Mesa,3,9,30,4,2370,4.292424242424243
Aleksandar Kostic,1,0,9,2,1592,3.7547619047619043
Aleksandar Lukic,2,7,19,3,1558,3.973809523809524
Aleksandar Savic,0,2,0,0,1162,2.442857142857143
Aleksandar Terzic,7,2,23,8,1487,3.6404761904761904
Alessandro Udogie,0,1,10,1,2263,3.7849056603773583
Alex Awoniyi,0,3,15,1,1283,3.1550000000000002
Alex Chukwueze,10,4,68,20,1630,4.8975
Alex Ekong,1,4,8,1,1506,4.04
Alexander Abubakari,2,2,9,2,1779,4.482222222222222
Alexander Ekdal,0,0,4,0,1411,3.5027777777777778
Alexander Hiljemark,1,1,26,2,1458,4.0055555555555555
Alexander Hohberg,0,1,8,0,1600,3.3020833333333335
Alexander Issahaku,3,1,23,4,1783,3.7155555555555555
Alexander Lindelof,0,0,0,0,1157,2.5
Alexander Ndicka,1,3,13,1,1291,3.4805555555555556
Alexis Almada,1,0,9,1,1376,3.8117647058823527
Alexis Lasarte,1,2,9,1,1021,2.937837837837838
Alexis Pulgar,1,0,8,1,1718,4.021621621621622
Alexis Valdivia,3,1,53,12,1724,4.351351351351352
Alexis Vidal,0,0,0,0,1008,2.0405405405405403
Ali Abdelaziz,4,1,17,4,2589,3.7075757575757575
Ali Al-Buraikan,3,4,41,4,2583,5.401923076923077
Ali Al-Ghannam,0,1,12,1,1754,3.7096153846153848
Ali Al-Timimi,0,3,18,2,1413,3.6219512195121952
Ali Ali,3,7,44,8,2598,4.5227272727272725
Ali Dhaou,10,3,70,18,2239,4.776595744680851
Ali Dhaouadi,0,0,7,0,1457,2.627659574468085
Ali Hussein,3,1,40,8,1672,3.7878048780487807
Ali Melki,3,0,10,3,1637,3.259574468085106
Ali Mohanad,0,2,9,0,1657,3.68780487804878
Ali Talbi,0,0,0,0,1419,2.5319148936170213
Alireza Hosseini,0,0,0,0,839,1.6947368421052633
Alireza Nourollahi,9,5,57,15,1416,4.8
Alireza Rezaeian,1,0,10,1,1374,3.8289473684210527
Alireza Shojaei,0,2,20,1,1797,4.265789473684211
Alisson Oliveira,1,1,7,1,1882,3.5599999999999996
Alisson Reis,3,2,15,3,1910,3.8244444444444445
Alistair Eustaquio,5,3,61,12,2212,4.75
Alistair Fraser,0,2,12,0,1822,3.497916666666667
Alistair Piette,2,5,7,2,1722,3.470833333333333
Almoez Al-Attiyah,6,10,42,8,3121,4.718181818181818
Almoez Al-Mohannadi,9,3,50,14,2600,3.522727272727273
Almoez Boudiaf,0,0,0,0,1717,2.289393939393939
Almoez Muntari,1,1,12,1,2176,3.4242424242424243
Alphonso David,0,0,0,0,964,1.8916666666666666
Alphonso Johnston,2,0,9,2,1355,3.3020833333333335
Alphonso Piette,7,1,63,16,1753,3.6833333333333336
Alphonso Wotherspoon,2,2,34,4,2040,4.1625000000000005
Alvaro Gavi,8,5,41,12,1488,3.4466666666666663
Alvaro Llorente,2,6,13,3,1450,3.704444444444444
Alvaro Oyarzabal,0,1,10,0,1484,3.7
Alvas Holness,0,0,9,1,1915,3.2711864406779663
Amir Adnan,4,4,48,12,1728,3.9317073170731707
Amir Majeed,4,3,19,4,1704,4.995121951219512
Amir Younis,0,1,9,0,1599,3.887804878048781
Amr Afsha,0,2,12,0,1394,3.4288888888888893
Amr Marmoush,1,0,13,1,1446,2.7755555555555556
Andre Anguissa,0,0,0,0,1007,1.8590909090909091
Andre Antonio,8,3,50,16,2181,3.6677966101694914
Andre Bassogog,13,4,55,19,1634,4.0249999999999995
Andre Johnson,3,0,15,3,2162,3.8135593220338984
Andre Kudus,0,0,6,0,1586,4.222222222222222
Andre Kunde,4,0,23,5,1818,4.4386363636363635
Andre Nkoulou,2,2,7,2,1851,4.175
Andre Osabutey,5,5,35,9,1744,4.897777777777778
Andre Partey,5,5,41,9,1598,3.5488888888888885
Andre Ricketts,4,6,28,4,2043,3.6338983050847458
Andreas Hojbjerg,9,5,53,17,1963,4.488372093023256
Andreas Lindstrom,0,1,10,0,1806,3.974418604651163
Andreas Vestergaard,0,1,4,0,1186,3.0674418604651166
Andrej Bajkovic,6,8,33,9,1855,4.075510204081633
Andrej Sutalo,1,0,16,1,1327,2.9918367346938775
Andrew Adams,1,1,10,1,1994,4.9163265306122454
Andrew Ferguson,5,6,43,8,1936,4.716326530612244
Andrew Jack,12,7,52,17,1973,3.989795918367347
Andrew McTominay,0,1,0,0,1322,2.1999999999999997
Andrija Gudelj,0,1,6,0,1305,3.05
Andriy Bolbat,2,1,26,4,1458,4.128947368421053
Andriy Bushchan,4,5,16,4,1727,4.673684210526315
Andriy Dovbyk,0,0,7,0,1313,3.681578947368421
Andriy Zinchenko,0,0,0,0,1319,2.6868421052631577
André Advincula,7,2,53,16,1945,4.002083333333333
André Gonzalez,3,0,15,4,1451,2.6458333333333335
André Yotun,1,2,20,2,2289,4.966666666666667
Angel Caicedo,10,7,30,11,1764,3.5446808510638297
Angel Di Maria,4,3,32,7,1420,3.911764705882353
Angel Garay,1,4,21,2,1215,4.035294117647059
Angel Gonzalez,0,3,4,0,1076,3.282352941176471
Angel Intriago,2,0,11,2,1737,3.8574468085106384
Angel Plata,0,3,7,0,1820,3.6617021276595745
Anibal Barcenas,0,2,7,0,1513,3.357446808510638
Anibal Perez,5,7,35,9,1674,4.291489361702128
Anibal Rodriguez,0,0,0,0,1131,2.074468085106383
Anibal Sanchez,10,12,84,21,1697,4.31063829787234
Ansu Alba,1,2,7,1,2013,4.717777777777778
Ansu Fati,5,6,41,9,2098,4.2
Ansu Le Normand,3,4,16,3,1480,3.348888888888889
Ante Budimir,0,1,15,0,2346,5.130612244897959
Antoine Kounde,0,2,7,0,1298,4.270588235294118
Antoine Mukiele,2,2,20,5,975,2.9647058823529413
Antoine Saliba,0,7,7,0,1034,3.4794117647058824
Antoine Tchouameni,0,0,0,0,830,1.961764705882353
Antonee Adams,3,3,23,4,1444,3.6789473684210527
Antonee Carter-Vickers,1,0,7,2,1359,3.2605263157894737
Antonee Horvath,2,2,18,4,1252,4.1684210526315795
Antonio Fulle,0,2,4,0,841,2.485294117647059
Antonio Gnabry,2,0,4,2,885,3.3000000000000003
Antonio Havertz,1,0,31,2,1303,3.8794117647058823
Ao Mori,1,1,6,1,1097,3.125
Ao Shiotani,0,0,8,1,1051,3.086111111111111
Arkadiusz Dawidowicz,0,2,4,0,1201,3.551282051282051
Arkadiusz Puchacz,1,0,8,2,1300,3.430769230769231
Arkadiusz Zielinski,5,3,29,8,1653,4.023076923076923
Armando Cooper,9,5,36,14,2179,4.242553191489362
Armando Cummings,0,1,12,1,1852,3.7702127659574467
Armando Torres,2,2,14,3,1927,3.9468085106382977
Artem Bolbat,2,7,12,2,1362,3.6263157894736846
Artem Lunin,0,0,6,0,1407,3.4473684210526314
Artem Tsygankov,3,2,29,6,1567,3.6868421052631577
Arturo Aranguiz,0,0,6,0,1152,3.010810810810811
Arturo Brereton,0,1,0,0,1068,2.418918918918919
Arturo Fuentes,3,7,25,5,1849,4.302702702702702
Arturo Riquelme,1,2,23,3,1251,3.324324324324324
Aurelien Griezmann,3,3,19,4,1307,3.7941176470588234
Aurelien Rabiot,1,1,5,1,1173,3.461764705882353
Aurelien Thuram,0,2,13,2,1086,3.126470588235294
Awer Tilio,0,2,6,0,1509,3.6702127659574466
Awer Vukovic,3,6,19,5,1703,3.831914893617021
Axel Bakayoko,0,1,12,1,1809,3.3274509803921566
Axel Lammens,1,3,32,5,1899,3.9725490196078432
Ayase Kubo,3,6,34,9,1737,4.941666666666666
Ayase Suzuki,0,1,9,0,1606,4.105555555555556
Aymen Adnan,0,0,0,0,851,1.8097560975609757
Aymen Al-Khafaji,2,2,63,16,1680,4.541463414634146
Aymen Attwan,0,0,7,0,1838,4.275609756097562
Aymen Kasid,1,3,19,1,1058,3.2658536585365856
Aymeric Yamal,0,1,7,0,1358,3.017777777777778
Azizbek Sattorov,2,5,26,4,2010,4.363636363636363
Azizbek Yusupov,2,1,9,2,1343,3.402272727272727
Azzedine Riad,0,1,12,0,2255,4.010909090909091
Ben Castillo,1,0,11,2,1630,4.443243243243243
Ben Sierralta,0,3,8,0,1240,3.4810810810810815
Ben Vidal,5,4,37,9,1540,3.951351351351351
Bernardo Conceicao,0,1,13,2,1606,3.262790697674419
Bernardo Felix,0,1,0,0,1180,2.032558139534884
Bernardo Pepe,12,1,49,20,1642,4.2627906976744185
Bernardo Santos,2,0,7,2,1497,3.544186046511628
Bobby Hector,0,0,0,0,892,1.4491525423728813
Bobby Lambert,2,6,20,2,2345,3.7457627118644066
Bobby Lawrence,2,0,7,2,2197,3.957627118644068
Bobby Rodrigues,4,0,21,4,1744,3.1084745762711865
Bobir Eshmurodov,2,0,8,2,1701,3.8659090909090907
Bobir Rashidov,1,3,28,4,2106,4.088636363636364
Boualem Ali,10,4,65,16,2418,3.7909090909090906
Boualem Hasan,1,1,13,1,2276,3.3060606060606057
Boualem Moez,3,10,42,8,3038,4.292424242424243
Boulaye Diouf,1,0,11,2,1498,3.6789473684210527
Boulaye Mendy,8,1,28,10,1094,3.3000000000000003
Boulaye Niang,2,3,6,2,1273,4.186842105263158
Brenden McKennie,1,10,12,2,1375,3.3000000000000003
Brenden Pepi,0,0,7,0,1369,3.6131578947368426
Bruno Cancelo,0,1,13,1,2045,3.9906976744186045
Bruno Leao,0,0,0,0,991,2.025581395348837
Bruno Lima,0,0,6,0,1473,4.311111111111111
Bruno Taremi,3,2,32,6,1520,3.627906976744186
Bruno Vitinha,2,2,11,2,1650,3.7418604651162792
Bryan Duarte,0,1,0,0,509,0.8826086956521739
Bryan Leiton,2,4,27,4,1501,3.9
Bryan Matarrita,0,2,15,1,1522,3.2913043478260873
Bryan Vargas,3,4,46,10,1745,3.867391304347826
Bukayo Alexander-Arnold,1,3,11,1,1763,3.661363636363636
Bukayo Bellingham,6,3,30,9,1669,3.6113636363636363
Bukayo Ramsdale,2,4,29,4,2069,4.7318181818181815
Burak Cengiz,2,5,15,2,2254,4.09
Burak Soyuncu,5,4,78,19,2244,4.224
Burak Tufan,1,0,10,2,1799,3.438
Caglar Abdul,0,6,16,1,1903,3.988
Caglar Guler,1,4,16,1,1875,4.002
Caglar Under,10,7,43,16,2317,4.1080000000000005
Callum Christie,1,1,9,1,1456,3.579591836734694
Callum McTominay,7,4,25,8,1827,4.169387755102041
Calvin Ejuke,3,4,26,5,1645,4.0424999999999995
Calvin Okafor,5,1,38,9,1340,3.4575000000000005
Calvin Sanusi,0,1,4,0,1166,2.98
Casemiro Alexandre,1,1,8,1,1766,4.486666666666666
Casemiro Carvalho,0,1,14,0,1461,2.868888888888889
Casemiro Martins,8,3,48,13,1482,3.46
Celso Campbell,12,3,58,19,1570,3.5630434782608695
Celso Tejeda,1,1,8,1,1661,3.756521739130435
Celso Zuniga,0,4,18,0,1541,3.4347826086956523
Cengiz Gonul,9,2,40,16,1757,3.418
Cengiz Kahveci,1,0,14,2,2114,3.412
Cengiz Muldur,2,1,13,2,1598,2.742
Cengiz Soyuncu,0,0,0,0,1567,2.648
Cesar Rodriguez,8,10,35,9,2371,4.753191489361702
Cesar Rojas,0,2,8,0,1656,3.697872340425532
Christian Cueva,4,6,52,13,1772,4.077083333333333
Christian Hojbjerg,0,0,0,0,1302,2.4
Christian Horvath,4,2,26,6,1226,3.2157894736842105
Christian Maehle,2,4,18,2,1745,3.8232558139534887
Christian McKennie,0,0,0,0,919,1.8052631578947367
Christian Robinson,1,0,9,1,1634,4.042105263157895
Christian Sargent,1,2,19,2,1525,4.45
Christian Skov,6,3,53,13,1703,4.034883720930233
Christian Urruti,5,8,31,6,2370,4.929166666666666
Christian Valera,0,1,11,1,1492,3.314583333333333
Christian Wass,3,1,7,4,1376,3.309302325581396
Ciro Colpani,4,5,45,9,1821,4.205660377358491
Ciro Immobile,1,3,28,3,1435,3.0679245283018868
Ciro Spinazzola,0,1,11,0,2177,3.9981132075471697
Claudio Pavez,1,2,7,1,1249,3.224324324324324
Cody Blind,0,1,0,0,1426,2.0
Cody Dumfries,2,0,15,2,2567,4.687037037037037
Cody Lang,10,6,83,21,2360,4.694444444444445
Cody de Jong,2,7,39,6,2136,3.968518518518519
Craig Borges,1,0,9,1,2414,4.474468085106383
Craig Mooy,2,3,16,2,2081,4.62127659574468
Cristiano Eustaquio,8,7,31,12,1519,3.813953488372093
Cristiano Fernandes,0,0,0,0,1039,1.8325581395348836
Cristiano Jota,0,0,9,0,1972,4.241860465116279
Cristiano Palhinha,2,5,17,2,1283,3.1023255813953488
Cyle Borjan,0,1,17,0,1983,3.9499999999999997
Cyle Buchanan,0,0,0,0,1554,2.5229166666666667
Cyle James,4,1,28,7,1799,3.3562499999999997
Cyle Waterman,1,1,16,2,1237,3.0395833333333333
Daichi Asano,3,3,11,3,1275,3.4944444444444445
Daichi Doan,0,0,7,1,1188,3.5999999999999996
Daichi Hashioka,9,1,59,17,1855,5.511111111111111
Daichi Kubo,0,0,0,0,755,1.6638888888888888
Daley Berghuis,0,2,11,0,1909,3.4018518518518515
Daley Frimpong,5,6,48,9,2278,4.777777777777778
Daley Gakpo,5,5,63,18,1840,3.411111111111111
Damion Bishop,2,9,34,5,2375,4.257627118644067
Damion Gray,11,6,68,22,2187,3.710169491525424
Damion Marshall,2,2,18,3,2313,4.027118644067796
Dani Garcia,1,0,7,1,1586,3.5733333333333337
Dani Gavi,4,9,23,4,1693,3.9844444444444447
Daniel Lens,0,2,17,0,1678,3.6577777777777776
Daniel Partey,5,6,34,8,1890,5.246666666666666
David Laimer,0,1,7,1,1451,3.8151515151515154
David Lucumi,1,3,9,1,1915,3.9347826086956523
David Muhl,5,4,35,10,1574,4.754545454545455
David Sabitzer,0,1,0,0,661,1.7757575757575759
David Ulmer,6,3,27,8,1351,4.757575757575758
Davinson Borja,0,0,4,0,1365,3.2695652173913046
Davinson Mina,7,3,57,14,1532,3.845652173913044
Davinson Villa,5,4,25,6,2131,4.52391304347826
Declan Saka,10,1,41,16,1441,3.35
Declan Trippier,1,3,19,1,2125,5.538636363636363
Declan Watkins,5,2,17,5,1662,3.6181818181818177
Dejan Augustinsson,0,1,13,1,1638,3.9749999999999996
Dejan Gustafson,2,1,16,4,1332,3.0277777777777777
Dejan Isak,0,1,0,0,880,1.9055555555555554
Dejan Wahlqvist,6,0,20,6,1152,2.9055555555555554
Denzel Malen,0,2,8,0,1366,2.92037037037037
Denzel Zerrouki,2,2,12,2,1976,3.1185185185185187
Diego Cavani,4,2,14,4,1486,3.3311111111111114
Diego Lainez,6,2,45,13,1644,4.2
Diego Molina,0,1,14,1,1661,3.4468085106382977
Diego Pacho,0,2,8,0,1540,3.8085106382978724
Diego Romo,3,7,27,4,1639,3.755
Diego Vega,1,1,7,2,1382,3.6450000000000005
Diego Vina,1,1,12,2,1780,3.924444444444444
Diogo Eustaquio,0,3,11,0,1561,3.274418604651163
Diogo Leao,7,5,46,13,1528,4.153488372093023
Diogo Semedo,0,1,8,1,1448,3.4651162790697674
Dmytro Kovalenko,1,2,7,1,1003,2.736842105263158
Dmytro Zinchenko,1,2,19,1,1357,3.460526315789474
Dominik Juranovic,0,6,13,0,1884,4.108163265306123
Dominik Kljulanovic,1,4,21,1,1667,3.520408163265306
Dominik Kramaric,15,9,79,22,2006,5.016326530612245
Dostonbek Abdurakhmanov,0,2,11,0,1648,3.6454545454545455
Dostonbek Kenjayev,1,5,14,1,1666,3.5727272727272723
Dostonbek Kobilov,5,2,37,8,1951,4.288636363636363
Dusan Gudelj,1,1,13,1,1959,3.9285714285714284
Dusan Jevtovic,8,2,28,9,1851,4.1761904761904765
Dusan Milinkovic-Savic,3,3,30,7,1556,4.1
Dusan Mitrovic,0,0,0,0,924,1.6904761904761905
Dusan Radonjic,1,0,18,2,1780,3.723809523809524
Dusan Terzic,2,3,17,4,1798,4.657142857142857
Dusan Zivkovic,1,1,14,1,1544,3.7857142857142856
Duvan Cuadrado,0,0,0,0,987,1.815217391304348
Duvan Lerma,0,1,11,0,1604,3.6717391304347826
Duvan Rios,6,1,40,12,1746,3.691304347826087
Duvan Tesillo,2,1,13,2,1849,3.5152173913043474
Dylan Hamdi,2,1,20,2,2188,4.623404255319149
Dylan Msakni,2,2,17,3,1989,3.719148936170213
Eden Castagne,1,3,10,1,1395,2.782352941176471
Eden De Ketelaere,7,2,24,8,2060,3.8862745098039215
Eden Dendoncker,0,1,0,0,1459,2.2098039215686276
Eden Lammens,3,5,31,4,1786,2.876470588235294
Edinson Gimenez,0,0,0,0,934,1.5355555555555553
Edinson Nandez,0,1,12,0,1988,4.793333333333334
Edinson Torres,7,1,47,14,1636,3.6044444444444443
Edinson Ugarte,2,2,16,3,1748,3.697777777777778
Edouard Cisse,2,0,9,3,1506,4.1078947368421055
Edouard Koulibaly,3,2,26,5,1285,3.573684210526316
Edouard Ndiaye,5,6,23,7,2051,4.821052631578947
Edson Layun,1,0,5,1,1304,3.3924999999999996
Edson Lozano,9,5,54,18,1652,4.1725
Edson Martinez,3,2,11,3,1466,3.025
Eduardo Olise,2,1,10,2,1266,3.9558823529411766
Eduardo Sissoko,0,1,13,1,1449,3.979411764705883
Eduardo Tchouameni,4,4,13,4,1062,3.0176470588235293
Ehsan Gholizadeh,0,0,5,0,1473,3.8210526315789473
Ehsan Hosseini,9,4,46,12,1550,4.518421052631578
Ehsan Moradi,1,4,11,2,1236,3.236842105263158
Eldor Hamrobekov,0,1,9,0,1273,2.756818181818182
Eldor Kenjayev,4,1,40,9,1399,3.590909090909091
Eldor Miralimov,4,4,38,6,2246,5.015909090909091
Eldor Rashidov,0,0,0,0,1203,2.256818181818182
Ellyes Msaad,3,3,13,3,1629,3.7085106382978728
Ellyes Msakni,7,3,48,11,2143,4.353191489361702
Ellyes Sliti,3,0,7,3,1717,3.663829787234042
Emil Berg,0,0,4,0,1491,4.183333333333334
Emil Garcia,5,3,17,6,1246,3.797222222222222
Emil Ljungberg,6,9,63,15,1523,5.072222222222222
Emil Olsson,0,0,0,0,784,1.5611111111111111
Emiliano Acuna,1,7,12,1,1482,4.25
Emiliano Balerdi,6,0,22,7,1065,3.6941176470588233
Emiliano Di Maria,0,1,0,0,900,2.1294117647058823
Emiliano Mac Allister,3,1,16,3,1719,4.673529411764706
Enes Celik,1,1,9,1,1613,3.6260000000000003
Enes Gonul,3,4,33,5,1590,3.7239999999999998
Enes Turan,5,3,50,14,1937,4.5280000000000005
Enner Caicedo,0,1,0,0,1220,2.121276595744681
Enner Hincapie,2,1,15,2,2038,4.4
Enner Ibarra,0,2,10,0,1356,3.040425531914894
Enner Zapata,4,1,40,7,1675,3.5319148936170213
Eric Aboubakar,0,1,0,0,1344,2.252272727272727
Eric Aguilar,1,0,16,1,1726,3.851063829787234
Eric Mba,14,7,105,30,2215,5.379545454545454
Eric Ndip,2,3,16,3,1554,3.3931818181818185
Eric Ortiz,6,3,15,8,2067,3.8957446808510636
Eric Rodriguez,15,5,71,20,2014,4.776595744680851
Eric Zambo,0,0,11,0,1831,3.977272727272727
Erick Brereton,2,3,35,4,1845,5.0729729729729724
Erick Mena,0,0,11,1,1267,3.348648648648649
Erick Valdivia,1,3,17,2,1311,3.5783783783783787
Evidence Zungu,0,1,9,0,1463,3.9714285714285715
Fabian Ndoye,1,0,9,1,1617,4.485714285714286
Fabian Pfannenstiel,4,3,16,4,1685,4.171428571428572
Federico Bentancur,0,0,0,0,1719,3.2311111111111113
Federico Berardi,2,4,43,7,1982,4.367924528301887
Federico Caceres,4,3,24,4,1656,4.237777777777778
Federico Coates,1,0,14,2,1707,3.86
Federico Colpani,12,8,69,22,2037,4.041509433962264
Federico Pellegrini,0,4,11,0,2099,3.9301886792452834
Federico Tonali,0,0,0,0,923,1.3471698113207549
Federico Trezeguet,10,3,58,19,1554,3.9533333333333336
Felix Caicedo,2,3,21,2,1778,3.7829787234042556
Felix Rodriguez,0,0,12,0,1979,4.108510638297872
Ferland Seck,2,2,20,2,1618,3.586842105263158
Ferland Sow,2,1,5,2,1502,3.392105263157895
Ferran Cubarsi,2,2,27,3,1680,3.882222222222222
Ferran Morata,7,3,56,11,1874,4.206666666666667
Ferran Pau,0,0,16,1,1759,3.6799999999999997
Filip Daka,0,0,7,1,952,2.7472222222222222
Filip Grujic,5,7,34,11,1227,3.2833333333333337
Filip Maksimovic,4,4,27,7,1693,4.0095238095238095
Filip Milinkovic-Savic,0,0,0,0,1062,2.026190476190476
Filip Pavlovic,2,1,4,2,1724,3.55
Firas Al-Amri,1,2,15,2,2191,3.994230769230769
Firas Al-Salem,6,0,45,12,1546,3.0076923076923077
Firas Al-Shahrani,0,0,0,0,1258,1.8115384615384615
Firas Al-Yami,4,4,27,5,1786,3.8288461538461536
Florian Brandt,1,1,9,1,1551,4.511764705882353
Florian Kick,1,2,28,3,1390,3.9909090909090907
Florian Musiala,2,2,25,5,1323,3.8029411764705885
Florian Waldschmidt,0,1,2,0,1241,4.296969696969697
Francisco Aguilar,0,5,31,2,1527,3.5521739130434784
Francisco Borges,7,4,23,8,1694,3.776086956521739
Francisco Wallace,0,3,8,0,1806,3.8434782608695657
Frenkie Ake,3,6,39,5,2226,4.812962962962962
Frenkie Gakpo,0,3,0,0,1342,2.327777777777778
Frenkie Wijndal,8,6,66,16,1731,3.9166666666666665
Frenkie de Ligt,0,1,6,0,1866,3.3629629629629627
Gabriel Alisson,0,0,10,0,1476,3.5622222222222226
Gabriel Junior,8,2,26,10,1556,3.6355555555555554
Gabriel Souza,1,2,22,2,1715,3.7844444444444445
Gary Delgado,1,1,38,6,1109,3.0216216216216214
Gary Diaz,1,0,8,2,1363,3.7
Gary Isla,0,0,0,0,726,1.5297297297297299
Gary Villanueva,3,9,27,3,1425,4.832432432432433
Gavi Asensio,2,1,14,2,1891,3.6599999999999997
Gavi Le Normand,4,4,61,17,1713,4.171111111111111
Gavi Morata,0,1,0,0,1290,2.191111111111111
Gavi Ramos,1,7,38,4,1838,4.431111111111111
Gianluca Advincula,0,1,0,0,1486,2.345833333333333
Gianluca Peña,4,7,42,8,1759,3.966666666666667
Gianluca Tapia,0,0,8,0,1686,2.93125
Gianluca Urruti,6,5,39,8,1751,3.4104166666666664
Gianluigi Calafiori,13,8,79,20,1928,3.9132075471698116
Gianluigi Chiesa,0,0,0,0,1064,1.6018867924528304
Gianluigi Di Lorenzo,4,4,27,6,1904,3.2622641509433965
Gianluigi Verratti,0,1,12,1,1792,3.2226415094339624
Giovanni Hoppe,9,4,46,14,1944,4.760526315789474
Giovanni Musah,0,1,6,0,1526,4.078947368421052
Giovanni Tillman,2,10,36,9,2097,5.5394736842105265
Giovanni Weah,0,0,0,0,951,1.9236842105263157
Gonzalo Mena,9,5,40,11,1987,4.131914893617021
Gonzalo Ramirez,1,0,10,1,1682,3.8808510638297875
Gonzalo Zapata,0,2,8,0,1383,3.1765957446808515
Graeme Doak,0,1,8,0,1785,3.6918367346938776
Graeme Jack,0,2,14,0,1340,2.877551020408163
Graeme McGregor,2,3,26,3,1619,3.1918367346938776
Granit Kobal,6,4,69,20,1400,4.328571428571428
Granit Rodriguez,0,2,5,0,1119,3.3714285714285714
Granit Shaqiri,0,0,0,0,1013,2.3200000000000003
Granit Zakaria,0,1,9,0,1271,4.0685714285714285
Grzegorz Glik,4,3,43,12,1370,4.071794871794872
Grzegorz Piatek,2,1,10,2,1252,3.420512820512821
Grzegorz Skoras,0,2,17,1,1743,4.305128205128205
Guillermo Almada,1,0,7,1,1418,4.01
Guillermo Torres,2,5,17,2,1388,3.2475
Hakan Cengiz,5,3,37,7,2111,4.2
Hakan Ucar,2,2,29,6,1759,3.5639999999999996
Hakan Under,0,0,0,0,641,0.9620000000000001
Hakan Yilmaz,0,1,9,1,1280,2.748
Hakim Aguerd,1,1,23,2,1776,3.4927272727272727
Hakim Ezzalzouli,1,4,8,1,1899,4.125454545454546
Hakim Ziyech,10,3,83,29,1917,4.087272727272728
Hannibal Krid,2,4,13,3,1313,3.2276595744680847
Hannibal Mathlouthi,1,0,8,1,1551,3.317021276595745
Hannibal Talbi,6,2,26,8,1822,3.3595744680851065
Haris Steiner,0,0,6,0,1478,4.054285714285714
Harold Brown,2,5,30,3,2020,4.276595744680851
Harold Valenzuela,0,0,11,0,1904,3.825531914893617
Harry Bellingham,0,0,0,0,1626,3.2818181818181817
Harry King,1,5,22,3,1470,2.904255319148936
Harry Leckie,1,0,7,1,1624,4.278723404255319
Harry Mooy,7,2,66,15,1927,4.108510638297872
Harry Phillips,0,2,10,0,1019,2.743181818181818
Harry Rice,1,1,9,2,1766,3.6159090909090907
Harry Watkins,5,1,38,7,2050,4.572727272727272
Hassan Abdulla,0,0,0,0,1761,2.165151515151515
Hassan Al-Nobi,2,8,42,3,2629,3.9499999999999997
Hassan Al-Qahtani,4,4,26,5,2031,4.413461538461538
Hassan Al-Zahrani,1,0,7,1,1766,3.9403846153846156
Hassan Mahmoud,5,3,31,7,1844,2.974242424242424
Hassan Pedro,1,1,13,1,2324,3.609090909090909
Hector Vasquez,0,0,5,0,1407,3.6475
Hee-chan Choi,4,3,33,7,1304,3.8882352941176466
Hee-chan Hwang,0,1,5,0,1951,2.4823529411764707
Hee-chan Kwon,0,2,6,0,1181,3.623529411764706
Hidajat Ghoddos,5,8,58,12,1634,4.5
Hidajat Hazbavi,3,8,28,5,1472,4.563157894736842
Hidajat Noorollahi,0,1,8,0,1233,3.3684210526315788
Hiroki Ogawa,2,0,9,2,1746,5.013888888888889
Hirving Alvarez,0,0,0,0,869,1.605
Hirving Ochoa,4,1,10,4,1512,3.4375
Hirving Pineda,1,1,9,2,1346,3.2649999999999997
Hirving Romo,5,1,20,6,1259,3.075
Houssem Belkebla,0,1,5,0,1552,3.6414634146341465
Houssem Brahimi,9,4,68,18,1984,5.058536585365854
Houssem Mokrani,2,5,25,4,1425,4.890243902439025
Husniddin Nasrullaev,9,4,23,9,1882,3.722727272727273
Husniddin Nematov,2,3,8,2,1218,3.184090909090909
Husniddin Umarov,1,2,13,1,1493,3.9454545454545453
Hussein Ibrahim,1,0,8,1,1436,3.202439024390244
Hussein Sadiq,1,2,14,2,1558,3.707317073170732
Hwang Choi,1,2,25,5,1337,4.5058823529411764
Hwang Oh,0,3,6,0,1154,3.644117647058824
Hwang Son,2,5,32,6,1567,4.238235294117647
Ibrahim Daoud,0,1,3,0,1421,3.3317073170731706
Ibrahim Mhawi,0,0,0,0,1131,2.653658536585366
Ibrahim Sadiq,4,4,39,11,1540,3.7390243902439027
Ibrahim Taher,1,1,12,2,1466,3.451219512195122
Idrissa Dia,2,6,14,2,1266,3.3736842105263154
Idrissa N'Diaye,3,2,11,4,1640,4.3052631578947365
Idrissa Sarr,0,1,0,0,912,1.760526315789474
Idrissa Seck,1,1,27,5,1560,3.892105263157895
In-beom Hwang,5,3,28,7,1169,3.514705882352941
In-beom Jung,1,2,9,1,1369,3.394117647058824
In-beom Seol,1,3,31,5,1415,4.138235294117647
Inaki Asante,5,5,20,7,1560,3.5377777777777775
Inaki Seidu,0,2,7,0,1803,4.535555555555556
Inaki Williams,9,3,31,12,1371,3.4488888888888884
Irfan Enes,1,1,16,2,1769,3.9
Irfan Under,5,4,32,6,1908,4.14
Islam Touzi,1,0,8,1,1881,3.7853658536585364
Ismael Benlamri,3,2,13,3,1567,3.8487804878048784
Ismael Boufantin,7,2,19,8,1338,3.129268292682927
Ismael Brahim,0,1,19,2,1410,3.724390243902439
Ismael Brahimi,0,1,0,0,1215,2.3560975609756096
Ismaila Ba,1,0,11,1,1851,4.705263157894737
Ismaila Koulibaly,0,2,17,2,1568,3.365789473684211
Ivan Bajkovic,5,5,29,7,1871,3.361224489795918
Ivan Erlic,2,1,17,3,1945,3.989795918367347
Ivan Gvardiol,0,2,13,0,1828,3.9857142857142858
Ivan Kramaric,0,0,0,0,594,0.963265306122449
Jack Toney,1,1,12,1,1772,3.9545454545454546
Jack White,1,8,25,3,1800,4.284090909090909
Jackson Baccus,0,1,6,0,1291,2.5382978723404253
Jackson Canga,2,0,10,2,2146,4.327659574468085
Jackson Duke,0,0,0,0,1115,1.9361702127659575
Jackson Kusini,2,2,15,4,1727,3.4851063829787234
Jackson Vukovic,12,4,64,20,1857,4.459574468085107
Jae-sung Hwang,4,3,33,9,1170,3.4647058823529413
Jae-sung Park,2,0,9,2,1462,3.7764705882352945
Jae-sung Yang,1,1,8,1,902,3.135294117647059
Jakub Helik,1,1,7,1,1733,3.8358974358974356
Jakub Zielinski,4,4,31,9,1191,3.830769230769231
Jaloliddin Rashidov,9,6,60,16,1532,3.565909090909091
Jaloliddin Sobirov,3,3,25,4,1351,3.4
Jaloliddin Tursunov,0,0,5,0,1187,2.975
Jamal Goretzka,0,0,6,1,1267,2.908823529411765
Jamal Havertz,0,0,0,0,777,1.8558823529411765
Jamal Koch,5,5,19,6,1466,5.108823529411764
Jamal Volland,2,0,14,4,1217,3.335294117647059
James Mina,0,0,0,0,1127,2.15
James Morelos,3,4,30,4,1664,4.552173913043478
James Munoz,1,3,20,2,1312,2.708695652173913
James Ospina,1,0,6,1,1652,3.630434782608696
Jan Bednarek,1,0,7,1,1431,4.105128205128205
Jan Kozlowski,3,3,12,3,1083,2.9769230769230766
Jan Milik,0,0,0,0,899,1.6717948717948719
Jan Rybus,1,1,18,1,1590,3.8076923076923075
Jannik Olsen,1,0,9,1,1775,4.0488372093023255
Jason Theate,1,1,17,1,2048,4.109803921568627
Jasurbek Alijanov,0,0,8,0,2215,5.204545454545454
Jean Bassogog,3,7,31,4,1883,4.652272727272727
Jean Delgado,3,4,8,3,1475,4.478378378378378
Jean Ondoa,0,0,9,0,1829,4.015909090909091
Jean Zavala,2,0,7,3,1270,3.289189189189189
Jefferson Chara,0,0,6,0,2044,3.928260869565217
Jefferson Rodriguez,2,2,27,3,2085,4.308695652173912
Jesus Alvarez,0,4,14,0,1218,3.7325000000000004
Jesus Gutierrez,0,1,11,0,1303,3.5325
Jesus Reyes,6,6,47,11,1794,4.39
Joakim Christensen,2,0,34,6,1625,3.5674418604651166
Joakim Maeland,2,1,5,2,1422,3.0744186046511626
Joakim Skov,6,3,24,7,1453,3.5209302325581397
Joao Felix,10,6,59,18,1550,4.053488372093024
Joao Neves,2,1,9,2,1691,4.0
Joao Taremi,2,2,25,2,2017,4.437209302325582
Joe Aina,3,0,11,3,1616,4.195
Joe Ajayi,1,2,10,1,1229,3.1550000000000002
Joe Iwobi,3,5,26,5,1544,3.6475
Joel Borges,0,2,0,0,1986,3.4847826086956526
Joel Oviedo,0,0,10,0,1525,3.752173913043478
Joel Salas,7,1,42,10,2120,4.1695652173913045
Joel Soto,3,5,17,4,1483,3.6891304347826086
John Armstrong,4,10,36,9,1915,4.489795918367347
John Bellingham,0,4,13,0,1821,3.6431818181818185
John Clark,4,2,55,11,1705,3.961224489795918
John Gilmour,0,1,0,0,1086,1.769387755102041
John Hanley,0,0,16,0,2100,3.559183673469388
John Palmer,3,1,9,3,1648,3.340909090909091
Jonathan Adekugbe,0,2,11,0,1918,4.202083333333333
Jonathan Cavallini,2,5,24,4,1471,3.8249999999999997
Jonathan Eustaquio,0,0,0,0,1079,1.85625
Jonathan Zator,5,3,21,6,1973,3.8249999999999997
Jordan Baba,2,2,10,2,1682,3.673333333333334
Jordan Issahaku,10,3,49,17,1434,4.04
Jordan Kasim,0,0,22,1,1824,3.1422222222222222
Jordan Williams,0,0,0,0,1306,2.566666666666667
Jorge Cordova,1,2,11,1,1721,3.88
Jorge Lozano,1,7,18,1,981,3.255
Jose Cavani,10,9,55,15,1841,4.76
Jose Davis,0,0,0,0,1312,2.3680851063829786
Jose Gomez,2,4,24,3,1600,4.131914893617021
Jose Omar,2,2,15,4,2052,4.117021276595745
Jose Rodriguez,3,3,26,4,1786,3.5444444444444443
Jose Torreira,1,0,6,1,1384,3.6244444444444444
Jose Torres,6,3,49,12,1629,4.187234042553191
Joshua Fulle,4,3,53,14,1361,4.235294117647059
Joshua Musiala,0,0,0,0,623,1.5205882352941178
Joshua Rudiger,1,2,4,1,1327,3.7176470588235295
Joshua Tah,1,1,6,1,1099,3.5029411764705882
Josko Bradaric,0,0,6,0,1910,3.8734693877551023
Josko Brozovic,4,3,37,10,1889,3.5020408163265304
Josko Musah,1,1,16,1,1898,3.4530612244897956
Juan Cuadrado,8,4,62,14,1841,4.256521739130435
Juan Munoz,5,1,20,5,1936,3.960869565217391
Juan Quintero,0,1,5,0,1781,3.739130434782609
Jude Chilwell,8,2,57,15,1602,3.6386363636363637
Jude Grealish,1,0,5,1,1309,3.5090909090909093
Jude Maddison,1,1,8,2,1067,2.8227272727272728
Jude Saka,0,0,0,0,1268,2.1772727272727272
Julian De Paul,0,0,0,0,669,1.7911764705882351
Julian Dybala,0,6,14,1,988,2.364705882352941
Julian Garay,8,6,53,17,1382,4.3
Julian Paredes,0,1,5,0,1106,3.2794117647058822
Junya Furuhashi,0,2,11,0,1386,4.372222222222223
Junya Kamada,4,1,16,4,1220,3.0999999999999996
Junya Nakano,2,7,35,5,1745,5.230555555555556
Kai Can,0,3,24,2,1462,4.408823529411765
Kai Musiala,5,4,16,7,1450,4.185294117647059
Kai Neuer,2,0,4,2,1242,3.7676470588235293
Kalidou Diallo,5,2,9,6,1195,3.681578947368421
Kalidou Faye,4,0,27,4,1468,3.7421052631578946
Kalidou Mendy,1,1,9,1,2993,3.9631578947368418
Kamaldeen Attiogbe,3,2,23,4,1797,3.922222222222222
Kamaldeen Ayew,1,0,18,2,1403,3.3777777777777778
Kamaldeen Barnieh,0,3,10,1,1536,3.4755555555555557
Kamil Jozwiak,1,0,10,1,1500,3.787179487179487
Kaoru Kamada,0,0,0,0,763,1.6722222222222223
Kaoru Machida,2,3,17,4,1382,3.8666666666666663
Kaoru Shiotani,3,4,43,8,1368,4.222222222222222
Kaoru Yoshida,1,3,5,1,1617,4.716666666666667
Karim Al-Ahmad,6,3,33,8,2407,3.992424242424242
Karim Barsham,1,2,18,1,2529,3.8393939393939394
Karim Boudiaf,7,1,55,12,2933,4.090909090909091
Karim Dejagah,1,1,9,2,1244,3.689473684210526
Karim Nourollahi,2,0,11,2,1075,3.3973684210526316
Karl Aboubakar,8,3,47,15,1525,3.7545454545454544
Karl Isak,2,2,12,2,1538,3.952777777777778
Karl Kristoffersen,0,0,8,0,1688,4.511111111111111
Karl Mbeumo,0,2,11,0,1446,3.7045454545454546
Karl Olinga,4,1,20,4,1418,3.5431818181818184
Kasey Dickinson,3,0,10,3,2082,3.8949152542372882
Kasey Hector,16,9,77,23,2091,3.8
Kasey Williams,2,1,30,2,3035,4.769491525423728
Kasper Cornelius,2,1,2,2,1432,3.453488372093023
Kasper Hojbjerg,0,5,17,0,1931,4.130232558139535
Keanu Duke,7,5,74,20,1902,4.51063829787234
Keanu McGree,2,0,10,2,1688,3.5531914893617023
Keanu Wright,2,5,23,3,1683,3.9851063829787234
Kevin Casteels,4,0,15,4,2088,4.0588235294117645
Kevin Lukaku,0,0,0,0,1281,1.8529411764705883
Kevin Saelemaekers,10,4,101,30,2076,4.41764705882353
Kevin Tielemans,1,2,16,1,2254,4.333333333333333
Keylor Aguilar,7,1,38,12,1346,3.4543478260869565
Keylor Calvo,0,0,16,1,2003,3.891304347826087
Keylor Campbell,0,0,0,0,1165,2.106521739130435
Keylor Watson,5,2,18,5,1939,3.7369565217391307
Kieran Dykes,2,1,13,2,1478,2.8632653061224493
Konrad Bardi,0,1,12,0,814,2.715151515151515
Konrad Posch,1,0,4,1,1068,3.587878787878788
Konrad Sabitzer,4,2,23,5,1103,3.490909090909091
Krzysztof Grosicki,2,1,7,2,1478,4.205128205128205
Krzysztof Milik,3,6,41,9,1493,3.676923076923077
Krzysztof Urbański,2,0,18,3,1859,4.294871794871795
Kyle Gallagher,0,0,7,0,1672,3.5704545454545453
Kylian Camavinga,0,0,8,1,1299,3.4735294117647055
Kylian Griezmann,0,0,0,0,953,2.3294117647058825
Kylian Maignan,2,4,10,2,1100,3.0588235294117645
Kylian Olise,5,2,34,10,1232,3.75
Lautaro De Paul,7,3,41,14,1191,3.5823529411764703
Lautaro Sosa,2,3,33,7,1362,4.314705882352941
Lautaro Tagliafico,0,1,9,0,1001,3.7058823529411766
Lazar Grujic,0,1,11,0,1605,3.7476190476190476
Lazar Ilic,4,2,9,4,1733,4.440476190476191
Leander Dendoncker,2,2,27,3,1489,3.43921568627451
Leander Doku,3,2,6,3,1936,3.6901960784313723
Leander Vanheusden,0,2,21,2,1347,2.9843137254901957
Leandro Balerdi,2,2,12,3,1504,4.302941176470589
Leandro Pezzella,1,1,4,1,942,3.1029411764705883
Leon Antonio,0,0,0,0,1919,2.5254237288135593
Leon Bishop,4,6,62,14,2042,3.823728813559322
Leon Gotze,7,0,12,8,1323,3.605882352941176
Leon Grant,3,5,16,3,2225,3.715254237288135
Leon Lowe,1,3,17,1,2687,4.874576271186441
Leon Sule,2,1,8,2,1556,5.18235294117647
Leroy Gotze,3,1,20,5,981,3.0029411764705882
Leroy Klostermann,3,0,8,4,1044,3.7235294117647055
Leroy Schlotterbeck,0,0,0,0,1222,2.8058823529411767
Leroy Werner,1,2,11,1,1168,3.735294117647059
Liam Cornelius,1,1,10,1,1981,3.8854166666666665
Liam David,4,2,10,4,2069,4.5375000000000005
Liam Gallagher,3,5,20,4,1568,3.3938775510204082
Liam Gilmour,3,7,67,15,2244,4.591836734693878
Liam Turnbull,0,0,8,0,1906,3.693877551020408
Lionel Alvarez,0,1,0,0,966,2.373529411764706
Lionel Martinez,0,1,4,0,1546,5.002941176470588
Lionel Montiel,2,1,18,3,1297,3.979411764705883
Lionel Sosa,2,2,19,4,1064,2.8323529411764703
Lorenzo Frascati,0,3,7,0,2109,4.718867924528301
Lorenzo Retegui,3,3,19,3,2493,4.411320754716981
Lucas Pavard,3,2,6,3,1482,3.8735294117647054
Lucas Todibo,2,2,13,2,1014,3.176470588235294
Ludwig Elanga,1,2,7,1,1281,3.7527777777777778
Ludwig Hiljemark,1,3,10,1,1090,2.9361111111111113
Ludwig Olsson,8,0,44,13,1189,3.638888888888889
Luis Abram,3,1,9,3,1695,4.264583333333333
Luis Araujo,1,2,13,2,1724,3.8555555555555556
Luis Cartagena,3,9,29,6,1507,3.939583333333333
Luis Cavani,0,0,0,0,840,1.491111111111111
Luis Lapadula,5,1,19,6,1664,3.8854166666666665
Luis Pellistri,4,3,21,5,1616,3.491111111111111
Luis Rodriguez,0,0,0,0,1328,2.2695652173913046
Luis Sanchez,1,0,9,1,1955,3.7304347826086954
Luis Sinisterra,1,6,12,2,1394,3.523913043478261
Luis Varela,2,2,40,6,1591,3.6266666666666665
Luis Villa,3,5,18,4,1590,3.7195652173913043
Luka Barisic,1,4,31,6,2056,4.457142857142857
Luka Kovacic,0,2,0,0,1436,2.1489795918367345
Luka Musah,12,4,52,17,1924,4.118367346938776
Luka Vlasic,0,2,21,0,2397,4.353061224489796
Luther Maboe,2,0,8,2,1274,3.4371428571428573
Luther Zwane,2,2,21,2,1671,4.494285714285715
Lyle Makgopa,1,1,6,1,1344,3.8971428571428572
Lyle Mbatha,4,1,31,9,1101,3.4771428571428573
Lyle Mothiba,1,3,16,1,1371,3.6885714285714286
Lyle Mvala,0,0,0,0,887,1.8914285714285715
Mahmoud Ibrahim,3,2,35,4,1676,4.406666666666667
Mahmoud Soliman,0,2,8,0,1924,4.997777777777778
Manuel Pfannenstiel,2,1,22,4,1308,3.36
Manuel Rieder,4,4,24,5,1482,4.0685714285714285
Manuel Seferovic,0,2,6,0,1440,3.977142857142857
Manuel Zuber,0,0,0,0,975,2.1857142857142855
Marcel Bavoli,5,1,40,11,1453,4.303030303030303
Marcel Dembir,2,3,15,4,1007,3.415151515151515
Marcel Kalajdzic,1,1,8,2,927,3.103030303030303
Marcel Lainer,0,0,0,0,768,1.993939393939394
Marcelo Kovacic,4,2,26,6,1685,3.3081632653061224
Marcelo Lovren,3,1,10,3,2027,3.806122448979592
Marcelo Petkovic,3,3,22,4,1697,3.395918367346939
Marco Calafiori,0,0,15,0,1655,3.158490566037736
Marco Carvajal,1,0,7,1,1567,4.388888888888889
Marco Locatelli,0,1,15,1,1856,3.9415094339622643
Marco Mikel,2,4,21,3,1868,3.8844444444444446
Marco Tonali,7,3,46,10,2488,4.715094339622642
Marcus Chilwell,5,5,41,10,1791,5.263636363636364
Marcus Mount,0,1,8,0,1731,4.2749999999999995
Marcus Rashford,5,3,47,8,1749,4.240909090909091
Mario Ivanusec,0,0,13,0,1092,2.9020408163265303
Mario Kovacic,3,3,26,6,1653,3.455102040816327
Marko Baumgartlinger,0,0,0,0,1102,2.5515151515151517
Marko Borrmann,0,2,7,0,915,2.378787878787879
Marko Gregoritsch,0,0,5,0,1595,4.6878787878787875
Marko Kick,3,4,37,12,987,3.9484848484848487
Marquinhos Nunes,3,3,20,4,1743,4.035555555555556
Marquinhos Paqueta,5,2,36,10,1450,3.042222222222222
Marquinhos Santos,0,4,15,2,1800,4.22
Martin Njie,1,2,9,1,1680,3.9068181818181817
Mat Cummins,1,2,13,1,1420,3.529787234042553
Mateo Brozovic,0,2,0,0,1717,3.438775510204082
Mateo Kljulanovic,4,3,21,5,1672,3.4632653061224485
Mateo Pasalic,1,0,9,1,1757,3.830612244897959
Mateo Stanisic,0,4,17,1,1772,3.9244897959183676
Mateusz Frankowski,1,0,6,1,1156,2.841025641025641
Mateusz Kozlowski,5,5,25,8,1258,3.6743589743589737
Mathew Behich,0,0,7,0,1685,4.278723404255319
Mathew Boyle,0,3,19,2,1841,3.94468085106383
Mathew Jones,3,3,30,4,1941,3.8446808510638295
Mathew Mooy,0,1,0,0,1244,2.048936170212766
Matthijs Blind,9,8,47,12,2583,4.17962962962963
Matthijs Timber,2,1,13,2,1664,3.264814814814815
Matthijs Wijndal,2,4,20,2,2027,3.3685185185185187
Mattias Karlsson,5,0,5,5,1321,3.952777777777778
Mattias Ljungberg,3,0,8,4,1697,4.116666666666666
Mauricio Isla,4,3,25,7,1581,3.762162162162162
Mauricio Montes,0,0,7,0,1181,3.118918918918919
Mauricio Riquelme,0,4,14,2,1412,3.581081081081081
Maximilian Baumgartlinger,3,2,14,4,1217,3.8666666666666667
Maximilian Bavoli,4,2,9,4,1141,4.43030303030303
Maximilian Seiwald,0,2,6,0,984,3.009090909090909
Mehdi Arefi,6,10,31,8,1940,4.826315789473685
Mehdi Azmoun,0,0,0,0,1505,3.1789473684210527
Mehdi Hajsafi,0,1,9,0,1489,3.6473684210526316
Mehdi Hazbavi,9,8,58,14,1327,3.6842105263157894
Memphis Simons,0,0,13,0,2085,4.348148148148148
Memphis Zerrouki,24,9,82,33,2235,4.607407407407408
Memphis van Dijk,0,0,0,0,1355,2.1277777777777778
Memphis van de Ven,4,1,18,5,1887,3.3111111111111113
Merih Kokcu,0,1,10,0,1519,3.408
Merih Turan,0,0,0,0,1646,2.346
Merih Unal,2,1,40,5,1982,3.9019999999999997
Merih Yildiz,3,3,25,4,1908,3.9619999999999997
Michael Brown,9,7,49,15,1761,3.774468085106383
Michael Cooper,0,0,0,0,1022,1.9553191489361703
Michael Escobar,0,2,3,0,1709,3.057446808510638
Michael Gonzalez,5,2,15,7,1370,3.1702127659574466
Michail Gray,0,1,0,0,1738,2.5610169491525423
Michail McCarey,2,5,26,3,2533,4.0288135593220336
Michail Pinnock,0,3,15,0,1950,3.6050847457627118
Michail Williams,3,4,38,6,2305,3.5915254237288137
Mikkel Bah,2,2,10,2,1814,3.827906976744186
Mikkel Hansen,1,3,10,2,1327,3.197674418604651
Min-jae Ji,6,7,34,10,1130,3.432352941176471
Min-jae Kim,2,1,9,2,1084,3.3794117647058823
Min-jae Son,0,0,0,0,774,1.8147058823529412
Min-jae Song,1,6,12,1,1747,4.088235294117647
Mohamed Elneny,1,1,9,1,1473,3.8377777777777777
Mohamed Gomaa,7,3,48,14,1569,4.06
Mohamed Hamdi,1,4,22,2,2038,4.373333333333334
Mohamed Hassan,1,1,6,1,1588,3.8244444444444445
Mohamed Marmoush,0,1,0,0,940,1.6377777777777778
Mohamed Trezeguet,3,3,41,9,1847,4.693333333333333
Mohamed Wahbi,2,1,13,2,1921,4.008888888888889
Mohammed Al-Breik,2,1,15,2,1934,3.5615384615384613
Mohammed Al-Hammadi,2,1,13,2,2313,4.036363636363636
Mohammed Al-Rubaie,3,9,53,11,2151,4.563461538461539
Mohammed Al-Shahrani,9,3,51,15,1655,3.319230769230769
Mohammed Attiogbe,9,8,75,21,1874,4.293333333333333
Mohammed Otoo,6,7,52,12,1939,4.764444444444445
Mohammed Partey,0,1,0,0,1167,2.16
Mohammed Sulemana,0,0,7,0,1381,2.897777777777778
Mohannad Al-Amiri,1,0,11,1,1558,3.7804878048780486
Mohannad Al-Saadi,2,3,25,4,1564,4.495121951219512
Mohannad Hussein,0,2,0,0,1142,2.697560975609756
Mohannad Majeed,15,10,53,20,1396,4.270731707317073
Moises Mena,0,1,0,0,935,1.4787234042553192
Moises Minda,0,1,10,0,1651,3.5851063829787235
Moises Pellerano,11,3,50,17,1360,3.393617021276596
Moises Torres,0,2,14,1,1973,4.491489361702127
Montassar Sassi,1,0,13,2,1830,3.9872340425531916
Morteza Azmoun,2,3,16,2,1433,3.7473684210526317
Morteza Karimi,0,3,7,0,1177,3.3736842105263154
Moses Agbadou,0,1,13,1,1810,3.7525
Moses Nwabili,5,4,10,5,1501,3.665
Mostafa Attia,0,1,15,2,1583,3.1488888888888886
Mostafa Gomaa,4,5,10,4,1630,3.2977777777777777
Mostafa Hegazi,3,2,46,11,1376,3.271111111111111
Mothobi Mokoena,1,2,4,1,1141,3.337142857142857
Mothobi Mvala,5,1,26,6,1539,3.8628571428571425
Mothobi Xoki,3,2,15,3,1406,3.734285714285714
Moumi Choupo-Moting,4,11,19,6,1490,4.261363636363637
Moumi Hongla,0,1,7,0,1799,4.372727272727273
Moussa Fall,1,2,5,1,1427,4.247368421052632
Mustafa Natiq,3,1,7,4,1397,3.1999999999999997
Mykhailo Besedin,0,1,11,0,1429,3.5157894736842104
Mykhailo Kryvtsov,3,2,22,6,1247,3.3894736842105266
Mykhailo Sudakov,0,0,0,0,1053,2.555263157894737
Mykhailo Zabarnyi,0,1,8,0,1175,3.7315789473684213
Nabil Bennacer,2,1,11,2,1417,3.482926829268293
Nabil Khezami,0,2,7,0,1501,3.575609756097561
Nader Chalali,1,5,7,1,1417,3.2723404255319153
Nader Haddadi,0,2,6,0,1570,3.627659574468085
Nader Skhiri,4,2,35,7,1789,3.6936170212765957
Nahitan Canobbio,3,0,10,3,1773,4.151111111111112
Nahuel Alvarez,0,3,12,1,1498,4.297058823529412
Nahuel Correa,0,1,16,1,1551,4.161764705882353
Nayef Boufal,0,0,21,0,2316,3.4927272727272727
Nayef Chibi,3,3,49,11,2354,4.16
Nayef Saibari,3,2,19,5,1985,4.0618181818181816
Nayef Ziyech,0,0,0,0,1708,2.441818181818182
Nemanja Jevtovic,4,8,24,4,1342,3.7023809523809526
Nemanja Lazovic,1,0,11,1,1247,3.642857142857143
Nemanja Savic,3,4,42,10,1762,4.092857142857143
Neymar Carvalho,6,1,36,7,1762,3.913333333333333
Neymar Junior,0,1,0,0,849,1.4311111111111112
Neymar Mendes,1,1,9,1,1716,3.8733333333333335
Neymar Pereira,1,3,10,1,1569,3.422222222222222
Nico Ginter,0,1,8,1,1179,3.6411764705882352
Nico Schlotterbeck,5,2,39,12,1106,3.5441176470588234
Nico Volland,2,6,29,8,1480,4.81764705882353
Nicolas Anguissa,8,4,26,9,1527,3.8318181818181816
Nicolas Mba,1,1,14,1,1390,3.2340909090909093
Nicolas Siani,2,0,12,2,1519,3.438636363636364
Nicolo Bastoni,0,2,17,0,2284,3.983018867924528
Nicolo Immobile,0,1,0,0,1992,2.939622641509434
Nicolo Retegui,4,3,30,6,2124,4.009433962264151
Nicolo Vicario,1,5,13,1,1678,3.0
Noussair Chibi,2,1,15,3,1946,3.401818181818182
Noussair El Khannouss,0,0,5,0,1696,3.4072727272727272
Oleksandr Bondarenko,11,4,54,20,1607,4.481578947368422
Oleksandr Shaparenko,0,1,19,1,1972,5.3315789473684205
Oleksandr Sydorchuk,4,3,17,4,1305,3.7684210526315787
Oleksandr Tsygankov,0,0,0,0,564,1.0973684210526315
Oleksiy Sobol,0,1,11,0,1558,3.5368421052631582
Olivier Badiashile,1,0,14,3,1553,4.144117647058824
Omar Elsaid,0,1,6,0,1554,3.6422222222222222
Omar Hegazi,0,1,0,0,1349,2.2577777777777777
Omar Koka,1,0,5,1,1428,2.968888888888889
Omar Wahbi,2,2,30,5,1645,3.8244444444444445
Orkun Bayindir,3,0,13,3,2069,3.8480000000000003
Oscar Campbell,2,2,12,2,1781,3.641304347826087
Oscar Chacon,1,0,8,1,2025,4.171739130434783
Osman Mensah,0,1,10,0,1983,4.640000000000001
Otabek Karimov,2,3,20,3,1728,3.4568181818181816
Otabek Nasrullaev,0,0,0,0,1072,2.209090909090909
Otabek Sattorov,2,1,18,4,1306,3.590909090909091
Otabek Yoldoshev,1,3,10,1,1514,3.7704545454545455
Ousmane Hernandez,0,0,0,0,922,2.038235294117647
Ousmane Konate,1,4,10,1,1160,4.276470588235294
Ousmane Todibo,6,2,59,17,1625,4.894117647058824
Ousmane Upamecano,0,0,7,0,1372,3.644117647058824
Paolo Carrillo,0,0,6,0,1354,3.497916666666667
Paolo Flores,0,3,16,2,1852,3.6604166666666664
Paolo Gonzalez,13,6,66,21,2293,4.2437499999999995
Paolo Lapadula,0,0,0,0,876,1.4395833333333332
Pape Faye,1,2,4,1,803,2.1605263157894736
Pape Gomis,0,1,11,0,1562,4.386842105263158
Pape Sarr,8,4,72,16,1362,4.678947368421053
Patrick Alvarado,1,1,8,1,1760,3.6739130434782608
Patrick Vargas,9,7,45,12,2139,4.539130434782609
Paulo Albornoz,0,1,10,0,1036,3.2513513513513512
Paulo Vidal,3,2,20,5,1326,3.402702702702703
Pedro Callens,0,2,7,0,1811,4.054166666666666
Pedro Cubarsi,4,4,28,8,1701,3.5733333333333337
Pedro Cueva,0,0,0,0,1388,2.1354166666666665
Pedro Garcia,0,4,11,0,1704,3.4125
Pedro Gavi,0,0,0,0,814,1.4466666666666665
Pedro Lliuya,2,1,40,6,1916,4.222916666666666
Pedro Neto,1,1,14,2,1638,3.434883720930232
Pedro Pepe,3,0,15,3,1502,3.4372093023255816
Pedro Riquelme,4,1,11,4,1241,3.311111111111111
Pedro Torres,1,0,8,1,1621,3.617777777777778
Pepe Carvalho,0,2,5,0,2141,5.706976744186047
Percy Lorch,2,2,15,2,1273,3.585714285714286
Percy Mkhize,4,1,20,6,1052,3.06
Percy Williams,1,0,8,1,1405,4.065714285714286
Percy Zwane,0,2,0,0,1146,2.297142857142857
Pervis Gruezo,0,1,9,0,1503,2.9468085106382977
Pervis Molina,4,2,52,8,2276,4.617021276595745
Pervis Palacios,0,2,28,1,2055,4.1191489361702125
Pervis Preciado,0,2,0,0,1532,2.4085106382978725
Phil Eze,2,8,28,5,1669,3.409090909090909
Phil Rashford,0,2,0,0,472,0.8386363636363636
Phil Walker,0,1,10,0,1582,3.475
Phil White,8,1,34,12,1363,3.938636363636364
Philipp Friedl,2,1,7,2,1416,4.209090909090909
Pierre-Emile Christensen,1,3,18,1,2587,2.4930232558139536
Pierre-Emile Damsgaard,1,2,8,1,1590,3.7860465116279074
Pierre-Emile Laursen,2,3,28,3,1671,3.832558139534884
Piotr Cash,1,6,28,4,1242,3.323076923076923
Piotr Glik,0,1,0,0,1405,2.7948717948717947
Piotr Szymanski,1,0,6,2,1910,4.282051282051282
Piotr Urbański,5,2,20,6,1204,2.7923076923076926
Radamel Cuesta,0,0,9,1,1628,3.3347826086956522
Radamel Rios,3,6,25,5,1936,4.376086956521739
Rafael Antonio,2,4,18,5,922,3.03953488372093
Rafael Fernandes,2,3,28,5,1458,2.9232558139534883
Rafael Guedes,1,2,6,1,1453,3.8186046511627905
Ramin Moharrami,0,0,6,0,1186,2.8973684210526316
Ramiz Boufantin,1,3,44,9,1230,3.697560975609756
Ramiz Mandrea,7,7,51,13,1860,4.429268292682926
Ramiz Slimani,1,0,8,1,1665,3.7195121951219514
Randal Brenes,1,1,10,1,1716,3.8978260869565218
Randal Diarra,0,0,11,2,1358,3.5264705882352945
Randal Duarte,14,6,49,19,1477,4.27391304347826
Randal Griezmann,1,3,16,1,937,3.338235294117647
Randal Salas,1,1,23,3,1898,4.041304347826087
Rasmus Andersen,2,1,9,2,1417,3.358139534883721
Rasmus Laursen,0,8,36,3,2020,5.281395348837209
Rasmus Wind,5,6,40,7,1331,3.2674418604651163
Raul Antuna,1,3,28,4,1523,4.26
Raul Herrera,1,0,7,1,1528,3.7175
Raul Lainez,0,0,0,0,1263,2.6275
Raul Torres,11,6,93,27,1848,5.3625
Remo Jashari,0,1,8,0,1631,4.917142857142857
Remo Shaqiri,0,1,7,0,1282,3.3514285714285714
Renato Lliuya,1,4,23,1,1861,4.252083333333333
Renato Traverso,2,1,7,2,1813,3.7895833333333333
Ricardo Kobal,0,0,5,0,1104,2.7342857142857144
Ricardo Mbabu,1,1,6,1,1198,3.6885714285714286
Ricardo Sommer,2,3,34,6,950,3.6085714285714285
Richarlison Ferreira,1,1,12,1,1472,4.262222222222222
Richarlison Junior,1,5,20,3,1603,3.7422222222222223
Richie Bomba,0,0,16,0,1917,4.4375
Ritsu Endo,7,4,41,13,1248,3.125
Ritsu Hashioka,1,0,14,2,1008,4.083333333333333
Ritsu Ito,1,0,10,1,1616,4.177777777777778
Riyad Bennacer,0,0,0,0,893,1.8341463414634147
Riyad Benrahma,2,3,29,5,1497,4.331707317073171
Riyad Bensebaini,0,0,7,0,1522,4.102439024390244
Riyad Mokrani,5,1,37,9,1657,4.102439024390244
Robert Krychowiak,0,3,13,1,1420,4.079487179487179
Robert Skoras,3,1,54,12,1631,3.8923076923076927
Robert Swierczok,5,4,22,6,1869,4.78974358974359
Robert Zielinski,0,0,0,0,799,1.523076923076923
Robin Björkman,0,2,13,1,1517,4.577777777777778
Robin Lindelof,1,0,20,4,1006,3.8583333333333334
Robin Wahlqvist,3,4,16,3,1293,3.25
Rodri Alonso,3,1,17,3,1963,4.002222222222222
Rodri Fati,0,0,0,0,1278,2.2644444444444445
Rodri Laporte,0,3,9,0,1993,4.264444444444445
Rodri Mikel,6,6,45,10,1528,3.3866666666666667
Rodrigo Alvarez,4,3,35,10,1385,3.614705882352941
Rodrigo Fernandez,2,2,30,3,1254,4.688235294117647
Rodrigo Lo Celso,0,1,7,0,1212,3.8588235294117643
Rodrigo Olivera,0,0,3,0,1314,3.0244444444444443
Rodrigo Trezeguet,1,3,14,1,1807,3.586666666666667
Rodrygo Costa,0,2,19,0,1718,3.6577777777777776
Rodrygo Fabinho,0,0,9,0,1690,3.6155555555555554
Rodrygo Paqueta,0,2,0,0,1184,2.2333333333333334
Rodrygo Reis,6,5,32,10,1831,3.6333333333333333
Romain Aboukhlal,5,3,46,11,2636,4.87090909090909
Romain Aguerd,6,4,33,7,2291,3.958181818181818
Romain Amrabat,0,0,0,0,1346,2.0109090909090908
Romain Mazraoui,1,0,9,1,2130,3.5509090909090912
Romelu Courtois,0,0,0,0,1182,1.8
Romelu Onana,2,9,42,7,1735,4.196078431372549
Romelu Vanheusden,10,1,73,20,1729,4.482352941176471
Romelu Witsel,0,1,10,0,2321,4.1
Ronald De Arrascaeta,1,3,12,1,1625,3.9644444444444447
Ronald Gimenez,3,0,22,4,1474,3.1644444444444444
Ronald Haxiel,0,1,12,0,1565,3.182608695652174
Ronald Varela,1,2,17,1,2276,4.862222222222223
Ronwen Dolly,1,2,7,1,1268,4.5285714285714285
Ronwen Mkhize,5,7,20,6,1664,4.977142857142857
Ronwen Mokoena,3,2,10,5,923,2.6
Ruben Fernandes,1,4,17,1,1938,4.427906976744186
Ruben Inacio,0,0,9,0,1490,4.018604651162791
Ruslan Bondarenko,0,3,23,2,1478,4.3315789473684205
Ruslan Makarenko,1,0,7,1,1617,4.61578947368421
Ruslan Sudakov,7,3,27,9,1274,2.863157894736842
Ryan Clark,5,4,21,5,1825,3.938775510204082
Ryan Forrest,1,0,14,1,1727,3.6510204081632653
Sadio Diatta,0,1,9,0,1166,3.486842105263158
Sadio Diouf,8,8,67,18,1602,3.905263157894737
Sadio Koulibaly,0,0,0,0,495,1.0947368421052632
Sadio Sabaly,2,1,11,3,1603,4.097368421052631
Safaa Abbas,1,3,12,1,1758,3.702439024390244
Safaa Al-Khafaji,3,5,14,4,1123,2.9878048780487805
Safaa Mhawi,11,4,44,15,1600,4.173170731707317
Saleh Al-Abdulkarim,0,1,11,0,1681,3.3
Saleh Al-Ghamdi,0,0,8,0,1735,3.088461538461538
Saleh Al-Otaibi,0,0,0,0,1460,2.1326923076923077
Saleh Al-Qahtani,13,9,92,26,2102,4.694230769230769
Salem Al-Buraikan,0,1,0,0,1291,1.9807692307692308
Salem Al-Faraj,1,1,7,1,1448,2.8076923076923075
Salem Al-Rubaie,6,2,35,9,1621,3.3115384615384613
Salem Al-Tambakti,6,9,31,10,1879,3.9134615384615383
Sam Hoilett,0,0,11,0,1748,3.627083333333333
Sam James,4,6,37,8,1800,4.133333333333334
Saman Abdollahzadeh,1,2,17,2,1353,3.6131578947368426
Saman Azmoun,13,4,40,17,1219,3.392105263157895
Saman Torabi,2,2,7,2,1640,4.7973684210526315
Samuel Choupo-Moting,0,1,0,0,975,2.159090909090909
Samuel Ejuke,5,2,33,5,1990,4.4975000000000005
Samuel Iwobi,0,0,0,0,1256,2.3775
Samuel Moumi,2,5,12,3,1743,3.8931818181818185
Samuel Olinga,11,5,57,19,1875,4.377272727272727
Samuel Simon,0,1,5,0,1293,3.22
Samuel Toko-Ekambi,1,0,11,1,1612,3.3045454545454547
Samuel Uzoho,1,5,21,1,1272,3.6799999999999997
Sandro Bellanova,9,7,30,11,2043,4.037735849056604
Sandro Chiesa,1,1,34,4,1616,3.422641509433962
Sandro Scamacca,2,1,12,2,2272,3.816981132075472
Santiago Araujo,0,2,10,0,1800,4.4925
Santiago Corona,1,2,9,1,1627,3.9899999999999998
Santiago Lozano,0,0,0,0,1130,2.245
Santiago Reyes,3,1,17,4,1554,3.5524999999999998
Sardar Ansarifard,1,0,10,1,1447,3.568421052631579
Sardar Ghoddos,0,0,0,0,612,1.2473684210526315
Sardar Heydari,2,3,27,4,1681,4.678947368421053
Sardar Moradi,5,1,51,14,1631,3.7815789473684207
Sardor Holmatov,1,6,12,2,1216,3.1318181818181823
Sardor Kobilov,0,0,0,0,1027,1.8022727272727272
Sardor Nematov,6,4,50,14,1809,3.9818181818181815
Sardor Zakirov,0,1,7,0,1454,3.55
Scott Gallagher,8,2,38,12,1725,3.940816326530612
Scott Lewis,1,8,20,1,2140,3.722448979591837
Scott McGregor,0,1,0,0,1217,2.110204081632653
Scott Patterson,1,2,12,1,1842,3.604081632653061
Sebastian Angulo,0,1,12,0,2424,4.9
Sebastian Bentancur,6,1,32,9,1993,3.9955555555555557
Sebastian Nunez,0,1,10,0,1675,3.2755555555555556
Sebastian Pellerano,2,5,32,6,1424,4.1553191489361705
Sebastian Preciado,5,5,34,9,1635,3.6872340425531918
Sebastian Torres,4,6,33,7,1987,4.8
Selim Benoun,1,0,15,1,2457,4.258181818181818
Selim Saiss,1,1,29,2,1786,3.6218181818181816
Sergej Jovic,5,6,33,7,1696,4.1
Sergej Milenkovic,0,0,7,0,1441,2.980952380952381
Sergej Mitrovic,3,3,24,5,1275,3.8
Sergino Busio,1,0,9,1,1327,3.5789473684210527
Sergino Hoppe,2,5,24,2,1643,4.468421052631579
Sergio Lapadula,4,3,24,5,1829,3.9187499999999997
Sergio Lora,4,1,16,4,2205,4.104166666666667
Seung-gyu Lee,0,2,7,0,1403,4.035294117647059
Shamar Antonio,3,4,35,5,1849,4.123728813559322
Shamar Gordon,2,2,15,2,2199,3.574576271186441
Simon Dolberg,1,3,10,1,1665,3.4069767441860463
Simon Hansen,9,5,62,18,1899,4.6069767441860465
Simon Poulsen,0,4,10,0,1464,3.597674418604651
Simon Wind,0,0,0,0,1072,1.967441860465116
Sofiane Bayo,2,0,24,5,1285,3.3536585365853657
Sofiane Kara,6,2,31,7,1657,3.978048780487805
Sofiane Mandrea,0,0,0,0,959,1.826829268292683
Sofiane Zerrouki,1,3,12,1,1829,4.258536585365854
Sofyan Chair,6,6,37,8,2177,4.381818181818182
Sofyan Hakimi,0,1,4,0,1743,3.4745454545454546
Sofyan Saiss,5,1,24,7,1883,3.5127272727272727
Son Hong,3,3,31,7,1343,4.882352941176471
Son Hwang,0,1,0,0,1029,2.326470588235294
Son Lee,1,2,7,1,1489,4.358823529411764
Son Seol,2,2,24,5,1250,3.326470588235294
Sphephelo Mbatha,0,5,19,0,1545,4.3428571428571425
Sphephelo Moseamedi,1,0,7,1,1168,3.877142857142857
Stefan Hinteregger,1,1,11,2,1427,4.021212121212121
Stefan Lainer,11,3,64,17,1688,5.418181818181819
Stefan Muhl,2,4,10,2,1701,5.012121212121213
Stefan Mvogo,2,1,8,2,1045,3.237142857142857
Stefan Okafor,2,2,11,2,1369,3.62
Stefan Zuber,7,7,51,15,1309,4.22
Stephan Chiesa,1,6,25,3,2217,4.186792452830189
Stephan Guglielmo,0,1,12,0,1941,4.681132075471698
Stephen David,9,3,49,11,2012,4.354166666666667
Stephen Kennedy,3,9,29,5,1863,3.9333333333333336
Stephen Miller,0,4,11,0,1725,4.045833333333333
Strahinja Mitrovic,2,2,12,2,1246,3.2
Strahinja Ristic,0,2,14,2,1610,3.407142857142857
Stuart Hendry,0,0,10,1,1947,4.251020408163265
Stuart McTominay,12,1,67,20,1961,4.312244897959184
Stuart Shankland,0,3,22,1,1859,3.455102040816327
Sultan Al-Mousa,0,0,10,0,2130,4.046153846153846
Tajon Buchanan,9,5,39,13,1559,3.2270833333333333
Tajon Utoikamanu,1,1,7,2,1465,3.3020833333333335
Tajon Zator,2,4,14,2,2102,3.779166666666667
Takefusa Endo,0,0,0,0,1221,2.7
Takefusa Hatate,2,4,6,2,948,2.761111111111111
Takefusa Nakano,5,3,31,6,1480,4.047222222222222
Takefusa Tanaka,0,2,9,0,1501,4.552777777777778
Teboho Billiat,3,3,15,3,1093,3.657142857142857
Teboho Maela,0,0,7,0,1450,3.951428571428572
Teboho Zwane,5,2,47,11,1419,4.44
Terem Bassey,2,1,7,2,1652,4.4125
Teun Gakpo,0,3,15,0,1543,3.7092592592592593
Teun Gravenberch,1,2,13,1,2164,4.727777777777778
Themba Mdantsane,0,0,5,0,1220,3.5885714285714285
Themba Mokoena,0,1,0,0,728,1.7457142857142858
Themba Sithole,2,2,7,2,1159,3.7714285714285714
Themba Xoki,13,2,81,24,1586,4.565714285714286
Theo Hernandez,0,1,24,2,1210,3.8764705882352946
Theo Mukiele,2,7,20,4,1916,4.638235294117647
Theo Varane,0,1,8,0,1722,4.985294117647059
Thibaut Faes,2,6,30,4,1885,3.6372549019607843
Thibaut Lukaku,7,7,53,13,1785,3.9235294117647057
Thibaut Vertonghen,0,1,10,0,1626,3.411764705882353
Thomas Asante,5,7,52,11,1956,3.893333333333333
Thomas Ayew,0,0,0,0,1074,1.7844444444444443
Thomas Djiku,2,0,7,2,1521,2.9533333333333336
Thomas Lukaku,3,4,35,7,2200,4.2
Thomas Openda,1,0,17,1,2268,3.9078431372549023
Thomas Rahman,3,0,12,4,1581,3.282222222222222
Timo Henrichs,1,1,7,1,1602,4.1000000000000005
Timothy Weah,12,4,46,17,1214,4.286842105263158
Timothy Yedlin,1,1,8,1,1229,3.2710526315789474
Timothy Zimmerman,0,1,4,0,1272,4.239473684210526
Trezeguet Ashour,1,0,17,2,1874,4.0488888888888885
Trezeguet Ibrahim,8,5,37,11,1844,3.6666666666666665
Trezeguet Said,4,8,31,6,1900,4.446666666666666
Trezeguet Trezeguet,0,0,0,0,1176,2.2377777777777776
Tyler Balogan,0,2,9,0,1202,3.823684210526316
Tyler McKennie,2,1,21,4,1293,3.3868421052631574
Tyler Morris,2,5,17,4,1197,3.7947368421052627
Victor Ajayi,6,1,38,12,1518,3.9200000000000004
Victor Aribo,1,1,4,1,1771,3.9625
Victor Chukwueze,0,0,0,0,944,2.2024999999999997
Victor Ola-Aina,1,7,23,3,1422,4.1
Viktor Holm,5,2,29,5,1553,4.286111111111111
Viktor Isak,7,1,24,10,1221,3.197222222222222
Viktor Karavaev,3,0,10,3,1327,3.9421052631578952
Viktor Krafth,2,1,6,2,1335,4.397222222222222
Viktor Stepanenko,2,1,22,5,1424,3.5842105263157893
Viktor Zinchenko,2,4,20,3,1614,4.207894736842105
Vincent Castelleto,1,0,14,2,1556,3.2613636363636362
Vincent Choupo-Moting,6,5,59,18,1262,3.9795454545454545
Vincent Lea,1,1,19,2,1493,3.2340909090909093
Vinicius Guimaraes,0,1,13,0,1496,3.5244444444444443
Vinicius Martins,0,0,0,0,1403,2.3200000000000003
Vinicius Moreira,2,3,15,2,2019,3.9066666666666667
Vinicius Nunes,15,6,88,31,1767,4.3
Virgil Lang,6,2,24,8,2079,3.6685185185185185
Virgil Weghorst,0,2,13,0,1867,4.312962962962963
Virgil van Dijk,8,6,62,15,2268,3.7203703703703703
Wahbi Bronn,0,1,13,0,1897,4.482978723404255
Wahbi Chalali,12,5,62,19,1870,4.085106382978723
Wahbi Dragger,2,3,7,2,1763,3.853191489361702
Wahbi Msakni,0,0,0,0,671,1.1638297872340426
Wataru Itakura,0,2,7,0,974,3.2416666666666667
Wataru Kubo,3,4,39,8,1140,3.9500000000000006
Wataru Ueda,0,3,14,1,1116,3.5277777777777777
Weston Acosta,2,1,21,5,1344,4.0736842105263165
Weston Adams,0,0,0,0,1090,2.3947368421052633
Weston Dest,1,0,9,1,1611,3.513157894736842
Weston Yedlin,4,6,31,8,1139,3.360526315789474
Wilfred Agbadou,8,5,44,11,1377,3.6725000000000003
Wilfred Iheanacho,0,5,30,0,1575,4.7625
Wilfred Moffi,1,1,6,1,1196,3.5075000000000003
Wilfred Okafor,0,0,0,0,899,1.6575
Woo-young Ji,0,3,7,0,1169,3.6205882352941177
Woo-young Na,1,1,7,1,1132,2.9529411764705884
Xaver Kofler,0,0,3,0,1001,2.809090909090909
Xaver Sabitzer,3,3,29,5,1435,4.2272727272727275
Xavi Veerman,1,0,16,2,2010,3.5981481481481485
Xherdan Aebischer,3,2,18,3,1163,3.442857142857143
Xherdan Fernandes,0,1,5,0,1320,3.9571428571428573
Xherdan Mvogo,5,0,23,8,1084,3.1857142857142855
Xherdan Sommer,0,0,0,0,652,1.7057142857142857
Yacine Aouar,2,4,9,3,1199,3.1243902439024387
Yacine Benkhemassa,2,5,25,3,1449,3.7390243902439027
Yacine Bennacer,5,4,36,8,1287,3.4609756097560975
Yann Blerim,1,4,21,4,1303,3.8
Yann Elvedi,1,1,7,1,1194,3.76
Yann Shaqiri,9,1,29,10,1831,4.757142857142857
Yasser Al-Buraikan,6,2,55,12,1909,3.4326923076923075
Yasser Al-Harbi,3,4,25,4,2156,3.944230769230769
Yasser Al-Owais,0,1,8,0,1672,3.411538461538462
Yassine Amrabat,5,4,95,24,2014,3.88
Yassine Dari,1,0,11,1,1787,3.258181818181818
Yassine El Yamiq,5,13,35,8,2200,4.614545454545455
Yerry Barrios,2,2,10,2,1547,3.491304347826087
Yerry Cantillo,1,3,10,1,1820,3.9586956521739127
Yerry Rodriguez,9,2,23,10,1328,3.191304347826087
Yevhen Kryvtsov,3,3,28,6,1375,3.892105263157895
Yevhen Yaremchuk,2,0,9,3,1481,3.3815789473684212
Yoel Rodriguez,2,3,9,2,1747,3.4936170212765956
Young-woo Hwang,1,1,8,2,1015,3.0411764705882356
Young-woo Jeong,0,2,13,0,1437,4.097058823529412
Youri Chadli,0,0,13,1,1526,2.9549019607843134
Youri Courtois,6,6,76,21,2356,4.52156862745098
Youri Saelemaekers,3,5,24,4,2102,4.3960784313725485
Youssef Dahmen,1,1,10,1,1784,3.502127659574468
Youssef Krid,8,7,46,11,1910,4.219148936170213
Youssef Laidouni,1,1,7,1,1389,3.817021276595745
Youssef Skhiri,0,0,0,0,1504,2.925531914893617
Yunus Robinson,2,1,3,2,1441,3.486842105263158
Yusuf Kilicsoy,1,3,15,1,1901,3.4960000000000004
Yusuf Unal,3,3,24,3,2126,3.8280000000000003
