player_name,player_id,total_goals,total_assists,total_minutes_played,goals_per_90
Mohannad Majeed,P01009,15,10,1396,0.9670487106017192
Memphis Zerrouki,P00153,24,9,2235,0.9664429530201342
Saman Azmoun,P00882,13,4,1219,0.9598031173092698
Timothy Weah,P00676,12,4,1214,0.8896210873146622
Randal Duarte,P00754,14,6,1477,0.8530805687203792
Vinicius Nunes,P00490,15,6,1767,0.7640067911714771
Themba Xoki,P01244,13,2,1586,0.7377049180327869
Moises Pellerano,P00620,11,3,1360,0.7279411764705883
Andre Bassogog,P01141,13,4,1634,0.7160342717258262
Kasey Hector,P00780,16,9,2091,0.6886657101865137
Celso Campbell,P00752,12,3,1570,0.6878980891719745
Dominik Kramaric,P00234,15,9,2006,0.6729810568295115
Eric Rodriguez,P00804,15,5,2014,0.6703078450844091
Boulaye Mendy,P01039,8,1,1094,0.6581352833638026
Bernardo Pepe,P00205,12,1,1642,0.6577344701583434
Jordan Issahaku,P01115,10,3,1434,0.6276150627615062
Declan Saka,P00103,10,1,1441,0.6245662734212353
Safaa Mhawi,P01014,11,4,1600,0.61875
Oleksandr Bondarenko,P00438,11,4,1607,0.6160547604231488
Mehdi Hazbavi,P00879,9,8,1327,0.6103993971363979
Yerry Rodriguez,P00544,9,2,1328,0.6099397590361446
Gianluigi Calafiori,P00125,13,8,1928,0.6068464730290457
Ludwig Olsson,P00390,8,0,1189,0.6055508830950378
Inaki Williams,P01118,9,3,1371,0.5908096280087527
Stefan Lainer,P00337,11,3,1688,0.5864928909952606
Jackson Vukovic,P00933,12,4,1857,0.5815831987075929
Joao Felix,P00208,10,6,1550,0.5806451612903226
Federico Trezeguet,P00595,10,3,1554,0.5791505791505791
Wahbi Chalali,P01165,12,5,1870,0.5775401069518716
Alireza Nourollahi,P00881,9,5,1416,0.5720338983050848
Eric Mba,P01140,14,7,2215,0.5688487584650113
Luka Musah,P00229,12,4,1924,0.5613305613305614
Saleh Al-Qahtani,P00907,13,9,2102,0.5566127497621313
Alex Chukwueze,P01090,10,4,1630,0.5521472392638037
Stuart McTominay,P00466,12,1,1961,0.5507394186639469
Andrew Jack,P00463,12,7,1973,0.5473897617840852
Raul Torres,P00699,11,6,1848,0.5357142857142857
Anibal Sanchez,P00801,10,12,1697,0.5303476723629935
Federico Colpani,P00126,12,8,2037,0.5301914580265096
Lautaro De Paul,P00519,7,3,1191,0.5289672544080605
Jaloliddin Rashidov,P00986,9,6,1532,0.5287206266318538
Pape Sarr,P01040,8,4,1362,0.5286343612334802
Phil White,P00101,8,1,1363,0.5282465150403521
Samuel Olinga,P01139,11,5,1875,0.528
Wilfred Agbadou,P01089,8,5,1377,0.5228758169934641
Ehsan Hosseini,P00884,9,4,1550,0.5225806451612903
Julian Garay,P00516,8,6,1382,0.5209840810419681
Romelu Vanheusden,P00178,10,1,1729,0.5205320994794679
Tajon Buchanan,P00728,9,5,1559,0.5195638229634381
Viktor Isak,P00388,7,1,1221,0.5159705159705159
Paolo Gonzalez,P00645,13,6,2293,0.510248582642826
Angel Caicedo,P00622,10,7,1764,0.5102040816326531
Emiliano Balerdi,P00517,6,0,1065,0.5070422535211268
Ritsu Endo,P00831,7,4,1248,0.5048076923076923
Ruslan Sudakov,P00442,7,3,1274,0.4945054945054945
Edson Lozano,P00700,9,5,1652,0.4903147699757869
Mohammed Al-Shahrani,P00909,9,3,1655,0.48942598187311176
Jose Cavani,P00596,10,9,1841,0.48886474741988045
Casemiro Martins,P00493,8,3,1482,0.48582995951417
Alvaro Gavi,P00076,8,5,1488,0.4838709677419355
Stefan Zuber,P00260,7,7,1309,0.48128342245989303
Min-jae Ji,P00855,6,7,1130,0.47787610619469023
Leon Gotze,P00045,7,0,1323,0.47619047619047616
Cristiano Eustaquio,P00203,8,7,1519,0.4739960500329164
Karl Aboubakar,P01143,8,3,1525,0.4721311475409836
Nicolas Anguissa,P01144,8,4,1527,0.4715127701375246
Ismael Boufantin,P01192,7,2,1338,0.47085201793721976
Akram Al-Ahmad,P00957,12,5,2296,0.47038327526132406
Hakim Ziyech,P01066,10,3,1917,0.46948356807511743
Dejan Wahlqvist,P00385,6,0,1152,0.46875
Keylor Aguilar,P00749,7,1,1346,0.46805349182763745
Gabriel Junior,P00492,8,2,1556,0.4627249357326478
Cengiz Gonul,P00412,9,2,1757,0.46101309049516226
Michael Brown,P00803,9,7,1761,0.45996592844974443
Damion Gray,P00779,11,6,2187,0.4526748971193416
Abdelaziz Abdulla,P00962,13,6,2598,0.45034642032332567
Jude Chilwell,P00100,8,2,1602,0.449438202247191
Sadio Diouf,P01035,8,8,1602,0.449438202247191
Yann Shaqiri,P00258,9,1,1831,0.4423812124522119
Aaron Wright,P00932,9,5,1842,0.43973941368078173
Daichi Hashioka,P00827,9,1,1855,0.4366576819407008
Kevin Saelemaekers,P00177,10,4,2076,0.4335260115606936
Mohammed Attiogbe,P01113,9,8,1874,0.43223052294557096
Ahmed Marmoush,P01220,8,2,1670,0.4311377245508982
Husniddin Nasrullaev,P00988,9,4,1882,0.43039319872476095
Vincent Choupo-Moting,P01142,6,5,1262,0.42789223454833597
Simon Hansen,P00283,9,5,1899,0.4265402843601896
Aleksandar Terzic,P00308,7,2,1487,0.42367182246133156
Scott Gallagher,P00464,8,2,1725,0.41739130434782606
Giovanni Hoppe,P00673,9,4,1944,0.41666666666666663
Frenkie Wijndal,P00151,8,6,1731,0.41594454072790293
Xherdan Mvogo,P00256,5,0,1084,0.4151291512915129
Andreas Hojbjerg,P00284,9,5,1963,0.41263372389200204
Diogo Leao,P00207,7,5,1528,0.4123036649214659
Davinson Mina,P00545,7,3,1532,0.4112271540469974
Houssem Brahimi,P01195,9,4,1984,0.4082661290322581
Gonzalo Mena,P00623,9,5,1987,0.4076497232008053
Nico Schlotterbeck,P00052,5,2,1106,0.406871609403255
Stephen David,P00726,9,3,2012,0.4025844930417495
Ali Dhaou,P01167,10,3,2239,0.401965163019205
Mohamed Gomaa,P01217,7,3,1569,0.4015296367112811
David Ulmer,P00325,6,3,1351,0.3997039230199852
Sandro Bellanova,P00120,9,7,2043,0.39647577092511016
Juan Cuadrado,P00546,8,4,1841,0.3910917979359044
Trezeguet Ibrahim,P01219,8,5,1844,0.39045553145336226
Dusan Jevtovic,P00307,8,2,1851,0.3889789303079417
Caglar Under,P00414,10,7,2317,0.38843331894691413
Granit Kobal,P00255,6,4,1400,0.38571428571428573
Edinson Torres,P00594,7,1,1636,0.3850855745721271
In-beom Hwang,P00857,5,3,1169,0.3849443969204448
Cody Lang,P00152,10,6,2360,0.3813559322033898
Patrick Vargas,P00747,9,7,2139,0.37868162692847124
Youssef Krid,P01166,8,7,1910,0.3769633507853404
Kalidou Diallo,P01028,5,2,1195,0.37656903765690375
Piotr Urbański,P00360,5,2,1204,0.37375415282392027
Achraf El Yamiq,P01061,8,3,1931,0.372863801139306
Boualem Ali,P00960,10,4,2418,0.37220843672456577
Francisco Borges,P00753,7,4,1694,0.371900826446281
Armando Cooper,P00806,9,5,2179,0.3717301514456173
Joakim Skov,P00277,6,3,1453,0.3716448726772196
Filip Grujic,P00309,5,7,1227,0.3667481662591687
Kylian Olise,P00021,5,2,1232,0.36525974025974023
Emil Garcia,P00379,5,3,1246,0.3611556982343499
Alphonso Piette,P00723,7,1,1753,0.3593839132915003
Mateusz Kozlowski,P00357,5,5,1258,0.35771065182829886
Hirving Romo,P00698,5,1,1259,0.35742652899126287
Victor Ajayi,P01087,6,1,1518,0.3557312252964427
Emil Ljungberg,P00387,6,9,1523,0.35456336178594877
Rodri Mikel,P00075,6,6,1528,0.3534031413612565
Thibaut Lukaku,P00180,7,7,1785,0.3529411764705882
Ajdin Souttar,P00935,6,9,1535,0.3517915309446254
Yacine Bennacer,P01194,5,4,1287,0.34965034965034963
Firas Al-Salem,P00906,6,0,1546,0.34928848641655885
Ademola Chukwueze,P01086,7,4,1824,0.34539473684210525
Callum McTominay,P00462,7,4,1827,0.3448275862068965
Percy Mkhize,P01243,4,1,1052,0.34220532319391633
Mattias Karlsson,P00374,5,0,1321,0.34065102195306585
Eduardo Tchouameni,P00025,4,4,1062,0.3389830508474576
Ramiz Mandrea,P01196,7,7,1860,0.33870967741935487
Rasmus Wind,P00286,5,6,1331,0.33809166040571
Ferran Morata,P00077,7,3,1874,0.33617929562433296
Calvin Okafor,P01092,5,1,1340,0.33582089552238803
Salem Al-Rubaie,P00905,6,2,1621,0.33312769895126465
Ousmane Todibo,P00023,6,2,1625,0.3323076923076923
Jose Torres,P00802,6,3,1629,0.3314917127071823
Keanu Duke,P00936,7,5,1902,0.3312302839116719
Andre Antonio,P00778,8,3,2181,0.33012379642365886
Diego Lainez,P00702,6,2,1644,0.3284671532846715
Michael Gonzalez,P00795,5,2,1370,0.3284671532846715
Lyle Mbatha,P01245,4,1,1101,0.32697547683923706
Harry Mooy,P00934,7,2,1927,0.3269330565646082
Konrad Sabitzer,P00336,4,2,1103,0.3263825929283771
Sofiane Kara,P01193,6,2,1657,0.32589016294508144
André Advincula,P00649,7,2,1945,0.3239074550128535
Bukayo Bellingham,P00102,6,3,1669,0.32354703415218694
Virgil van Dijk,P00156,8,6,2268,0.31746031746031744
Teboho Zwane,P01246,5,2,1419,0.31712473572938693
Christian Skov,P00281,6,3,1703,0.31708749266001174
Weston Yedlin,P00672,4,6,1139,0.3160667251975417
Maximilian Bavoli,P00330,4,2,1141,0.31551270815074495
Matthijs Blind,P00155,9,8,2583,0.313588850174216
Almoez Al-Mohannadi,P00958,9,3,2600,0.31153846153846154
Kai Musiala,P00050,5,4,1450,0.3103448275862069
Marquinhos Paqueta,P00494,5,2,1450,0.3103448275862069
Marcel Bavoli,P00334,5,1,1453,0.3097040605643496
Duvan Rios,P00543,6,1,1746,0.30927835051546393
Gianluca Urruti,P00646,6,5,1751,0.3083952027412907
Jae-sung Hwang,P00856,4,3,1170,0.3076923076923077
Jamal Koch,P00040,5,5,1466,0.30695770804911326
Neymar Carvalho,P00489,6,1,1762,0.3064699205448354
Eden De Ketelaere,P00171,7,2,2060,0.3058252427184466
Takefusa Nakano,P00828,5,3,1480,0.30405405405405406
Cesar Rodriguez,P00800,8,10,2371,0.30366933783213834
Jakub Zielinski,P00358,4,4,1191,0.30226700251889166
Jesus Reyes,P00693,6,6,1794,0.3010033444816054
Moses Nwabili,P01076,5,4,1501,0.29980013324450366
Sardor Nematov,P00984,6,4,1809,0.2985074626865672
Joel Salas,P00750,7,1,2120,0.2971698113207547
Hannibal Talbi,P01170,6,2,1822,0.29637760702524696
Junya Kamada,P00832,4,1,1220,0.29508196721311475
Rodrygo Reis,P00491,6,5,1831,0.2949208083014746
Abdulrahman Al-Otaibi,P00910,6,5,1832,0.2947598253275109
Ellyes Msakni,P01168,7,3,2143,0.29398040130657954
Christian Horvath,P00671,4,2,1226,0.2936378466557912
Ronwen Mokoena,P01247,3,2,923,0.2925243770314193
Mothobi Mvala,P01248,5,1,1539,0.29239766081871343
Ben Vidal,P00570,5,4,1540,0.29220779220779225
Andrej Bajkovic,P00227,6,8,1855,0.29110512129380056
Pedro Riquelme,P00065,4,1,1241,0.290088638195004
Viktor Holm,P00380,5,2,1553,0.2897617514488087
Inaki Asante,P01110,5,5,1560,0.28846153846153844
Salem Al-Tambakti,P00897,6,9,1879,0.28738690792974986
David Muhl,P00333,5,4,1574,0.28589580686149935
Yasser Al-Buraikan,P00908,6,2,1909,0.2828706128863279
Andre Partey,P01116,5,5,1598,0.2816020025031289
Mohammed Otoo,P01105,6,7,1939,0.2784940691077875
Mehdi Arefi,P00871,6,10,1940,0.27835051546391754
Hee-chan Choi,P00854,4,3,1304,0.27607361963190186
Sardar Moradi,P00880,5,1,1631,0.27590435315757206
Oleksandr Sydorchuk,P00430,4,3,1305,0.27586206896551724
Hidajat Ghoddos,P00883,5,8,1634,0.2753977968176255
Sebastian Preciado,P00624,5,5,1635,0.27522935779816515
Leroy Gotze,P00049,3,1,981,0.27522935779816515
Marko Kick,P00335,3,4,987,0.2735562310030395
Arkadiusz Zielinski,P00362,5,3,1653,0.27223230490018147
Riyad Mokrani,P01191,5,1,1657,0.27157513578756787
Sebastian Bentancur,P00598,6,1,1993,0.2709483191169092
Declan Watkins,P00095,5,2,1662,0.27075812274368233
Luis Lapadula,P00648,5,1,1664,0.27043269230769235
Ronwen Mkhize,P01239,5,7,1664,0.27043269230769235
Anibal Perez,P00793,5,7,1674,0.2688172043010753
Nemanja Jevtovic,P00303,4,8,1342,0.26825633383010433
Aissa Dhaou,P01163,5,3,1690,0.2662721893491124
Sergej Jovic,P00302,5,6,1696,0.2653301886792453
Joshua Fulle,P00047,4,3,1361,0.26451138868479057
Grzegorz Glik,P00363,4,3,1370,0.2627737226277372
Eric Ortiz,P00796,6,3,2067,0.2612481857764877
Rodrigo Alvarez,P00518,4,3,1385,0.259927797833935
Virgil Lang,P00148,6,2,2079,0.2597402597402597
Leroy Klostermann,P00041,3,0,1044,0.25862068965517243
Andre Osabutey,P01108,5,5,1744,0.25802752293577985
Eldor Kenjayev,P00983,4,1,1399,0.2573266619013581
Marcus Rashford,P00104,5,3,1749,0.25728987993138935
Karl Olinga,P01135,4,1,1418,0.2538787023977433
Angel Di Maria,P00520,4,3,1420,0.2535211267605634
Marco Tonali,P00129,7,3,2488,0.2532154340836013
Marcus Chilwell,P00096,5,5,1791,0.25125628140703515
Jan Kozlowski,P00361,3,3,1083,0.24930747922437674
Sofyan Chair,P01056,6,6,2177,0.24804777216352777
Teboho Billiat,P01238,3,3,1093,0.24702653247941445
Ryan Clark,P00461,5,4,1825,0.24657534246575344
Kalidou Faye,P01036,4,0,1468,0.24523160762942778
Daley Gakpo,P00154,5,5,1840,0.24456521739130435
Hassan Mahmoud,P00959,5,3,1844,0.2440347071583514
Manuel Rieder,P00249,4,4,1482,0.242914979757085
Diego Cavani,P00592,4,2,1486,0.24226110363391656
Moumi Choupo-Moting,P01138,4,11,1490,0.24161073825503354
Robert Swierczok,P00351,5,4,1869,0.2407704654895666
Ivan Bajkovic,P00231,5,5,1871,0.24051309460181722
Safaa Al-Khafaji,P01006,3,5,1123,0.2404274265360641
Sofyan Saiss,P01064,5,1,1883,0.23898035050451408
Hirving Ochoa,P00681,4,1,1512,0.23809523809523808
Daniel Partey,P01112,5,6,1890,0.23809523809523808
Wataru Kubo,P00830,3,4,1140,0.23684210526315788
Irfan Under,P00410,5,4,1908,0.2358490566037736
Romain Aguerd,P01062,6,4,2291,0.2357049323439546
Ibrahim Sadiq,P01011,4,4,1540,0.23376623376623376
Juan Munoz,P00538,5,1,1936,0.23243801652892562
Andrew Ferguson,P00455,5,6,1936,0.23243801652892562
Enes Turan,P00416,5,3,1937,0.23231801755291687
Xherdan Aebischer,P00248,3,2,1163,0.23215821152192606
Keylor Watson,P00741,5,2,1939,0.23207839092315627
Dostonbek Kobilov,P00987,5,2,1951,0.23065094823167603
Thomas Asante,P01114,5,7,1956,0.23006134969325154
Youri Courtois,P00181,6,6,2356,0.22920203735144315
Jonathan Zator,P00724,5,3,1973,0.22807906741003547
Mauricio Isla,P00572,4,3,1581,0.22770398481973436
Samuel Ejuke,P01088,5,2,1990,0.22613065326633167
Karim Al-Ahmad,P00953,6,3,2407,0.22434565849605317
Yassine Amrabat,P01065,5,4,2014,0.2234359483614697
Luis Pellistri,P00585,4,3,1616,0.22277227722772278
Maximilian Baumgartlinger,P00338,3,2,1217,0.2218570254724733
Mostafa Gomaa,P01213,4,5,1630,0.22085889570552147
Harry Watkins,P00099,5,1,2050,0.21951219512195122
Edouard Ndiaye,P01030,5,6,2051,0.21940516821062897
Federico Caceres,P00587,4,3,1656,0.21739130434782608
Mykhailo Kryvtsov,P00439,3,2,1247,0.2165196471531676
Mateo Kljulanovic,P00230,4,3,1672,0.21531100478468898
Enner Zapata,P00619,4,1,1675,0.21492537313432836
Karim Boudiaf,P00961,7,1,2933,0.21479713603818618
Ansu Fati,P00078,5,6,2098,0.21448999046711154
Marcelo Kovacic,P00232,4,2,1685,0.21364985163204747
Fabian Pfannenstiel,P00253,4,3,1685,0.21364985163204747
Hakan Cengiz,P00411,5,3,2111,0.21316911416390338
Dani Gavi,P00072,4,9,1693,0.21264028352037803
Filip Maksimovic,P00301,4,4,1693,0.21264028352037803
Daichi Asano,P00819,3,3,1275,0.2117647058823529
Sergej Mitrovic,P00310,3,3,1275,0.2117647058823529
Pedro Cubarsi,P00073,4,4,1701,0.21164021164021163
Amir Majeed,P01005,4,3,1704,0.2112676056338028
Davinson Villa,P00537,5,4,2131,0.21116846550915064
John Clark,P00465,4,2,1705,0.21114369501466276
Gavi Le Normand,P00074,4,4,1713,0.21015761821366025
Edouard Koulibaly,P01038,3,2,1285,0.21011673151750973
Robin Wahlqvist,P00381,3,4,1293,0.2088167053364269
Andriy Bushchan,P00429,4,5,1727,0.20845396641574984
Amir Adnan,P01013,4,4,1728,0.20833333333333331
Lazar Ilic,P00296,4,2,1733,0.20773225620311597
Aurelien Griezmann,P00024,3,3,1307,0.20657995409334354
Bobby Rodrigues,P00777,4,0,1744,0.20642201834862386
Gianluca Peña,P00638,4,7,1759,0.2046617396247868
Yassine El Yamiq,P01057,5,13,2200,0.20454545454545453
Paulo Vidal,P00566,3,2,1326,0.20361990950226247
Viktor Karavaev,P00423,3,0,1327,0.20346646571213264
Alistair Eustaquio,P00727,5,3,2212,0.2034358047016275
Antonio Gnabry,P00034,2,0,885,0.2033898305084746
Christian Cueva,P00650,4,6,1772,0.20316027088036115
Firas Al-Yami,P00898,4,4,1786,0.20156774916013437
Nader Skhiri,P01169,4,2,1789,0.20122973728339855
Son Hong,P00845,3,3,1343,0.20104244229337304
Burak Soyuncu,P00415,5,4,2244,0.20053475935828877
Cyle James,P00725,4,1,1799,0.20011117287381877
Sam James,P00721,4,6,1800,0.2
Jaloliddin Sobirov,P00978,3,3,1351,0.1998519615099926
Andre Kunde,P01133,4,0,1818,0.198019801980198
Ciro Colpani,P00122,4,5,1821,0.19769357495881384
Daley Frimpong,P00146,5,6,2278,0.19754170324846357
Kaoru Shiotani,P00829,3,4,1368,0.19736842105263158
Sergio Lapadula,P00644,4,3,1829,0.19682886823400764
Yevhen Kryvtsov,P00435,3,3,1375,0.19636363636363638
Mostafa Hegazi,P01221,3,2,1376,0.19622093023255813
Christian Wass,P00273,3,1,1376,0.19622093023255813
Rafael Antonio,P00198,2,4,922,0.19522776572668113
Mustafa Natiq,P01000,3,1,1397,0.19327129563350037
Mothobi Xoki,P01240,3,2,1406,0.19203413940256048
Memphis van de Ven,P00145,4,1,1887,0.1907790143084261
Josko Brozovic,P00233,4,3,1889,0.19057702488088937
Takefusa Hatate,P00820,2,4,948,0.18987341772151897
Christian Urruti,P00642,5,8,2370,0.18987341772151897
Gary Villanueva,P00561,3,9,1425,0.18947368421052632
Ricardo Sommer,P00259,2,3,950,0.18947368421052632
Trezeguet Said,P01211,4,8,1900,0.18947368421052632
Gianluigi Di Lorenzo,P00117,4,4,1904,0.18907563025210083
Xaver Sabitzer,P00332,3,3,1435,0.18815331010452963
John Armstrong,P00457,4,10,1915,0.18798955613577023
Antonee Adams,P00675,3,3,1444,0.18698060941828257
André Gonzalez,P00641,3,0,1451,0.18607856650585802
Ahmed Hussein,P01008,3,0,1459,0.1850582590815627
Antoine Mukiele,P00022,2,2,975,0.18461538461538463
Edson Martinez,P00692,3,2,1466,0.18417462482946792
Hidajat Hazbavi,P00875,3,8,1472,0.18342391304347824
Ronald Gimenez,P00597,3,0,1474,0.18317503392130258
Jean Delgado,P00565,3,4,1475,0.18305084745762712
Ansu Le Normand,P00070,3,4,1480,0.18243243243243246
Lucas Pavard,P00010,3,2,1482,0.18218623481781376
Joel Soto,P00742,3,5,1483,0.18206338503034392
Sebastian Torres,P00590,4,6,1987,0.18117765475591344
Krzysztof Milik,P00364,3,6,1493,0.18084393837910245
Pedro Pepe,P00201,3,0,1502,0.17976031957390146
Luis Cartagena,P00640,3,9,1507,0.17916390179163905
Marcel Dembir,P00326,2,3,1007,0.17874875868917575
Bruno Taremi,P00204,3,2,1520,0.17763157894736842
Lucas Todibo,P00019,2,2,1014,0.1775147928994083
Hassan Al-Qahtani,P00903,4,4,2031,0.1772525849335303
Leon Bishop,P00775,4,6,2042,0.1762977473065622
Andre Ricketts,P00770,4,6,2043,0.1762114537444934
Joe Iwobi,P01091,3,5,1544,0.17487046632124353
Liam David,P00722,4,2,2069,0.17399710004833252
Santiago Reyes,P00697,3,1,1554,0.17374517374517376
Abdiel Davis,P00805,3,1,1555,0.17363344051446944
Dusan Milinkovic-Savic,P00312,3,3,1556,0.17352185089974292
Almoez Al-Attiyah,P00950,6,10,3121,0.17302146747837233
Kevin Casteels,P00169,4,0,2088,0.17241379310344826
Artem Tsygankov,P00441,3,2,1567,0.1723037651563497
Ismael Benlamri,P01175,3,2,1567,0.1723037651563497
Stefan Mvogo,P00252,2,1,1045,0.1722488038277512
Liam Gallagher,P00460,3,5,1568,0.1721938775510204
Thomas Rahman,P01106,3,0,1581,0.17077798861480076
Romain Aboukhlal,P01054,5,3,2636,0.17071320182094082
Luis Villa,P00541,3,5,1590,0.16981132075471697
Enes Gonul,P00408,3,4,1590,0.16981132075471697
Nicolo Retegui,P00127,4,3,2124,0.1694915254237288
Lionel Sosa,P00515,2,2,1064,0.16917293233082706
Karim Nourollahi,P00877,2,0,1075,0.16744186046511628
Joe Aina,P01074,3,0,1616,0.16707920792079206
Min-jae Kim,P00838,2,1,1084,0.16605166051660517
Ellyes Msaad,P01160,3,3,1629,0.16574585635359115
Robert Skoras,P00359,3,1,1631,0.16554261189454322
Aissa Bennacer,P01154,4,0,2182,0.16498625114573787
Ali Melki,P01159,3,0,1637,0.1649358582773366
Diego Romo,P00694,3,7,1639,0.16473459426479561
Idrissa N'Diaye,P01020,3,2,1640,0.16463414634146342
Calvin Ejuke,P01084,3,4,1645,0.1641337386018237
John Palmer,P00089,3,1,1648,0.1638349514563107
Kylian Maignan,P00013,2,4,1100,0.16363636363636364
Mario Kovacic,P00228,3,3,1653,0.16333938294010888
Sergio Lora,P00635,4,1,2205,0.163265306122449
James Morelos,P00534,3,4,1664,0.1622596153846154
Ali Hussein,P01012,3,1,1672,0.16148325358851676
Mahmoud Ibrahim,P01215,3,2,1676,0.16109785202863963
Eldor Miralimov,P00975,4,4,2246,0.16028495102404275
Luis Abram,P00631,3,1,1695,0.1592920353982301
Marcelo Petkovic,P00224,3,3,1697,0.15910430170889805
Mattias Ljungberg,P00383,3,0,1697,0.15910430170889805
Awer Vukovic,P00929,3,6,1703,0.15854374633000587
Pervis Molina,P00621,4,2,2276,0.15817223198594024
Ellyes Sliti,P01151,3,0,1717,0.15725101921956902
Emiliano Mac Allister,P00500,3,1,1719,0.15706806282722513
Alexis Valdivia,P00567,3,1,1724,0.15661252900232017
Ayase Kubo,P00826,3,6,1737,0.15544041450777202
Themba Sithole,P01227,2,2,1159,0.1553062985332183
Marquinhos Nunes,P00486,3,3,1743,0.1549053356282272
Bryan Vargas,P00751,3,4,1745,0.15472779369627507
Nemanja Savic,P00311,3,4,1762,0.1532349602724177
Nahitan Canobbio,P00584,3,0,1773,0.15228426395939085
Alexander Issahaku,P01111,3,1,1783,0.15143017386427368
Abdulrahman Al-Hamdan,P00893,5,0,2973,0.15136226034308778
Eden Lammens,P00179,3,5,1786,0.15117581187010076
Jose Rodriguez,P00588,3,3,1786,0.15117581187010076
Tyler Morris,P00666,2,5,1197,0.15037593984962405
Kamaldeen Attiogbe,P01109,3,2,1797,0.15025041736227046
Yacine Aouar,P01177,2,4,1199,0.1501251042535446
Jamal Volland,P00048,2,0,1217,0.14790468364831552
Husniddin Nematov,P00980,2,3,1218,0.14778325123152708
Mohamed Trezeguet,P01222,3,3,1847,0.1461829994585815
Arturo Fuentes,P00560,3,7,1849,0.1460248783126014
Shamar Antonio,P00774,3,4,1849,0.1460248783126014
Kai Neuer,P00033,2,0,1242,0.14492753623188406
Stephen Kennedy,P00718,3,9,1863,0.14492753623188406
Strahinja Mitrovic,P00306,2,2,1246,0.14446227929373998
Son Seol,P00853,2,2,1250,0.14400000000000002
Antonee Horvath,P00667,2,2,1252,0.1437699680511182
Grzegorz Piatek,P00346,2,1,1252,0.1437699680511182
Rodrigo Fernandez,P00510,2,2,1254,0.14354066985645933
Jean Bassogog,P01137,3,7,1883,0.14338821030270843
Eduardo Olise,P00017,2,1,1266,0.14218009478672985
Idrissa Dia,P01029,2,6,1266,0.14218009478672985
Jean Zavala,P00556,2,0,1270,0.14173228346456693
Merih Yildiz,P00405,3,3,1908,0.14150943396226415
Boulaye Niang,P01022,2,3,1273,0.14139827179890024
Percy Lorch,P01235,2,2,1273,0.14139827179890024
Alisson Reis,P00487,3,2,1910,0.14136125654450263
Luther Maboe,P01233,2,0,1274,0.141287284144427
Cristiano Palhinha,P00195,2,5,1283,0.1402961808261886
Sofiane Bayo,P01185,2,0,1285,0.14007782101167315
Radamel Rios,P00539,3,6,1936,0.13946280991735538
Leander Doku,P00165,3,2,1936,0.13946280991735538
Tyler McKennie,P00674,2,1,1293,0.13921113689095127
Mathew Jones,P00931,3,3,1941,0.1391035548686244
Ali Abdelaziz,P00947,4,1,2589,0.13904982618771727
Lionel Montiel,P00507,2,1,1297,0.13878180416345412
Otabek Sattorov,P00985,2,1,1306,0.13782542113323124
Manuel Pfannenstiel,P00257,2,1,1308,0.13761467889908258
Rodri Alonso,P00067,3,1,1963,0.13754457463066735
Hannibal Krid,P01162,2,4,1313,0.1370906321401371
Florian Musiala,P00046,2,2,1323,0.1360544217687075
Nayef Saibari,P01055,3,2,1985,0.13602015113350124
Dejan Gustafson,P00377,2,1,1332,0.13513513513513514
Viktor Krafth,P00371,2,1,1335,0.1348314606741573
Azizbek Yusupov,P00972,2,1,1343,0.1340282948622487
Weston Acosta,P00664,2,1,1344,0.13392857142857142
Marcelo Lovren,P00215,3,1,2027,0.1332017760236803
Alphonso Johnston,P00706,2,0,1355,0.13284132841328414
Artem Bolbat,P00433,2,7,1362,0.13215859030837004
Lautaro Sosa,P00511,2,3,1362,0.13215859030837004
Stefan Okafor,P00243,2,2,1369,0.13148283418553688
Orkun Bayindir,P00402,3,0,2069,0.13049782503624938
Kaoru Machida,P00821,2,3,1382,0.13024602026049203
Kasey Dickinson,P00763,3,0,2082,0.12968299711815562
Guillermo Torres,P00695,2,5,1388,0.12968299711815562
Youri Saelemaekers,P00173,3,5,2102,0.12844909609895339
Philipp Friedl,P00324,2,1,1416,0.1271186440677966
Nabil Bennacer,P01190,2,1,1417,0.12702893436838392
Rasmus Andersen,P00269,2,1,1417,0.12702893436838392
Yusuf Unal,P00409,3,3,2126,0.12699905926622768
Joakim Maeland,P00268,2,1,1422,0.12658227848101267
Viktor Stepanenko,P00432,2,1,1424,0.12640449438202248
Sebastian Pellerano,P00616,2,5,1424,0.12640449438202248
Houssem Mokrani,P01187,2,5,1425,0.12631578947368421
Abdulrahman Al-Salem,P00902,3,5,2142,0.12605042016806722
Kasper Cornelius,P00271,2,1,1432,0.12569832402234637
Morteza Azmoun,P00878,2,3,1433,0.1256106071179344
Mohammed Al-Rubaie,P00901,3,9,2151,0.12552301255230125
Yasser Al-Harbi,P00900,3,4,2156,0.12523191094619665
Yunus Robinson,P00662,2,1,1441,0.12491325468424705
Andre Johnson,P00761,3,0,2162,0.12488436632747456
Yacine Benkhemassa,P01186,2,5,1449,0.12422360248447205
Alvaro Llorente,P00068,2,6,1450,0.12413793103448274
Andriy Bolbat,P00437,2,1,1458,0.12345679012345678
Rafael Fernandes,P00206,2,3,1458,0.12345679012345678
Jae-sung Park,P00839,2,0,1462,0.12311901504787962
Thomas Lukaku,P00176,3,4,2200,0.12272727272727274
Jonathan Cavallini,P00716,2,5,1471,0.12236573759347381
Kieran Dykes,P00454,2,1,1478,0.12178619756427606
Krzysztof Grosicki,P00347,2,1,1478,0.12178619756427606
Nico Volland,P00044,2,6,1480,0.12162162162162163
Yevhen Yaremchuk,P00426,2,0,1481,0.12153950033760973
Leon Grant,P00767,3,5,2225,0.12134831460674157
Frenkie Ake,P00143,3,6,2226,0.12129380053908356
Leander Dendoncker,P00182,2,2,1489,0.12088650100738751
Liam Gilmour,P00468,3,7,2244,0.12032085561497326
Bernardo Santos,P00188,2,0,1497,0.12024048096192386
Riyad Benrahma,P01183,2,3,1497,0.12024048096192386
Bryan Leiton,P00743,2,4,1501,0.11992005329780146
Ferland Sow,P01024,2,1,1502,0.11984021304926765
Leandro Balerdi,P00513,2,2,1504,0.11968085106382978
Edouard Cisse,P01021,2,0,1506,0.1195219123505976
Nicolas Siani,P01127,2,0,1519,0.1184990125082291
Thomas Djiku,P01097,2,0,1521,0.1183431952662722
Michail Williams,P00776,3,4,2305,0.11713665943600868
Karl Isak,P00384,2,2,1538,0.11703511053315994
Yerry Barrios,P00527,2,2,1547,0.11635423400129283
Eric Ndip,P01132,2,3,1554,0.11583011583011582
Leon Sule,P00036,2,1,1556,0.11568123393316194
Aleksandar Lukic,P00300,2,7,1558,0.11553273427471115
Mohannad Al-Saadi,P01001,2,3,1564,0.11508951406649617
Hwang Son,P00858,2,5,1567,0.11486917677089982
Nayef Chibi,P01063,3,3,2354,0.11469838572642312
Akram Mesa,P00949,3,9,2370,0.11392405063291139
Luis Varela,P00593,2,2,1591,0.11313639220615965
Cengiz Muldur,P00404,2,1,1598,0.11264080100125157
Jose Gomez,P00794,2,4,1600,0.1125
Sadio Sabaly,P01027,2,1,1603,0.11228945726762321
Pape Faye,P01032,1,2,803,0.11207970112079702
Viktor Zinchenko,P00440,2,4,1614,0.11152416356877323
Ferland Seck,P01033,2,2,1618,0.11124845488257107
Graeme McGregor,P00467,2,3,1619,0.11117974058060531
Joakim Christensen,P00285,2,0,1625,0.11076923076923077
Saman Torabi,P00865,2,2,1640,0.10975609756097561
Sergino Hoppe,P00669,2,5,1643,0.10955569080949483
Omar Wahbi,P01218,2,2,1645,0.1094224924012158
Bruno Vitinha,P00196,2,2,1650,0.10909090909090909
Terem Bassey,P01078,2,1,1652,0.1089588377723971
Lorenzo Retegui,P00123,3,3,2493,0.10830324909747292
Matthijs Timber,P00138,2,1,1664,0.10817307692307693
Phil Eze,P00093,2,8,1669,0.10784901138406232
Pierre-Emile Laursen,P00282,2,3,1671,0.10771992818671454
Luther Zwane,P01242,2,2,1671,0.10771992818671454
Aymen Al-Khafaji,P01010,2,2,1680,0.10714285714285715
Ferran Cubarsi,P00069,2,2,1680,0.10714285714285715
Sardar Heydari,P00872,2,3,1681,0.10707911957168352
Jordan Baba,P01098,2,2,1682,0.1070154577883472
Keanu Wright,P00928,2,5,1683,0.10695187165775402
Keanu McGree,P00919,2,0,1688,0.1066350710900474
Joao Neves,P00191,2,1,1691,0.10644589000591367
Stefan Muhl,P00329,2,4,1701,0.10582010582010581
Bobir Eshmurodov,P00973,2,0,1701,0.10582010582010581
Alistair Piette,P00719,2,5,1722,0.10452961672473868
Ali Al-Buraikan,P00904,3,4,2583,0.10452961672473868
Filip Pavlovic,P00292,2,1,1724,0.10440835266821345
Jackson Kusini,P00925,2,2,1727,0.10422698320787492
Otabek Karimov,P00977,2,3,1728,0.10416666666666666
Ali Ali,P00956,3,7,2598,0.10392609699769052
Romelu Onana,P00170,2,9,1735,0.1037463976945245
Angel Intriago,P00614,2,0,1737,0.10362694300518135
Ahmed Abdallah,P01203,2,2,1741,0.10338885697874785
Samuel Moumi,P01131,2,5,1743,0.10327022375215145
Ahmed Moutan,P00999,2,1,1743,0.10327022375215145
Junya Nakano,P00824,2,7,1745,0.10315186246418337
Christian Maehle,P00264,2,4,1745,0.10315186246418337
Hiroki Ogawa,P00818,2,0,1746,0.10309278350515465
Yoel Rodriguez,P00792,2,3,1747,0.1030337721808815
Edinson Ugarte,P00586,2,2,1748,0.10297482837528604
Hakan Ucar,P00403,2,2,1759,0.1023308698123934
Wahbi Dragger,P01157,2,3,1763,0.10209869540555871
Felix Caicedo,P00618,2,3,1778,0.10123734533183353
Alexander Abubakari,P01102,2,2,1779,0.10118043844856661
Oscar Campbell,P00748,2,2,1781,0.10106681639528356
Dusan Terzic,P00304,2,3,1798,0.10011123470522804
Jae-sung Yang,P00848,1,1,902,0.09977827050997783
Renato Traverso,P00634,2,1,1813,0.09928295642581357
Mikkel Bah,P00270,2,2,1814,0.09922822491730982
Abdiel Sanchez,P00797,2,3,1818,0.099009900990099
Adam Kara,P01189,2,1,1819,0.09895547003848269
Ahmed El-Sayed,P01212,2,2,1823,0.09873834339001646
Erick Brereton,P00571,2,3,1845,0.0975609756097561
Duvan Tesillo,P00535,2,1,1849,0.09734991887506761
Andre Nkoulou,P01124,2,2,1851,0.09724473257698542
Marcel Kalajdzic,P00317,1,1,927,0.09708737864077668
Krzysztof Urbański,P00356,2,0,1859,0.09682625067240451
Marco Mikel,P00071,2,4,1868,0.09635974304068523
Randal Griezmann,P00020,1,3,937,0.096051227321238
Leandro Pezzella,P00504,1,1,942,0.09554140127388534
Thibaut Faes,P00172,2,6,1885,0.09549071618037135
Gavi Asensio,P00057,2,1,1891,0.09518773135906927
Theo Mukiele,P00018,2,7,1916,0.0939457202505219
Pedro Lliuya,P00647,2,1,1916,0.0939457202505219
Akram Hatem,P00940,3,3,2880,0.09375
Mohamed Wahbi,P01214,2,1,1921,0.09370119729307652
Armando Torres,P00798,2,2,1927,0.09340944473274519
Mohammed Al-Breik,P00892,2,1,1934,0.09307135470527406
Ivan Erlic,P00223,2,1,1945,0.09254498714652956
Noussair Chibi,P01059,2,1,1946,0.09249743062692703
Jorge Lozano,P00696,1,7,981,0.09174311926605505
Denzel Zerrouki,P00149,2,2,1976,0.09109311740890688
Federico Berardi,P00118,2,4,1982,0.09081735620585267
Merih Unal,P00413,2,1,1982,0.09081735620585267
Dylan Msakni,P01164,2,2,1989,0.09049773755656107
Dmytro Kovalenko,P00427,1,2,1003,0.08973080757726819
Azizbek Sattorov,P00981,2,5,2010,0.08955223880597014
Robin Lindelof,P00389,1,0,1006,0.08946322067594432
Ritsu Hashioka,P00823,1,0,1008,0.08928571428571427
Joao Taremi,P00200,2,2,2017,0.08924144769459592
Vinicius Moreira,P00482,2,3,2019,0.08915304606240712
Harold Brown,P00799,2,5,2020,0.0891089108910891
Boualem Moez,P00952,3,10,3038,0.08887425938117183
Matthijs Wijndal,P00147,2,4,2027,0.08880118401578689
Young-woo Hwang,P00852,1,1,1015,0.08866995073891625
Achraf Amellah,P01053,2,8,2038,0.08832188420019627
Enner Hincapie,P00602,2,1,2038,0.08832188420019627
Alphonso Wotherspoon,P00715,2,2,2040,0.08823529411764705
Alexis Lasarte,P00559,1,2,1021,0.0881488736532811
Jose Omar,P00785,2,2,2052,0.08771929824561403
Bukayo Ramsdale,P00094,2,4,2069,0.08699855002416626
Craig Mooy,P00930,2,3,2081,0.08649687650168189
Jefferson Rodriguez,P00540,2,2,2085,0.08633093525179857
Giovanni Tillman,P00665,2,10,2097,0.08583690987124463
Tajon Zator,P00720,2,4,2102,0.0856327307326356
Aymen Kasid,P01002,1,3,1058,0.08506616257088848
Adam Toudic,P01180,1,0,1061,0.08482563619227144
Jude Maddison,P00092,1,1,1067,0.08434864104967198
Konrad Posch,P00319,1,0,1068,0.08426966292134831
Cody de Jong,P00144,2,7,2136,0.08426966292134831
Jackson Canga,P00610,2,0,2146,0.08387698042870456
Ludwig Hiljemark,P00382,1,3,1090,0.08256880733944955
Dylan Hamdi,P01155,2,1,2188,0.08226691042047532
Ao Mori,P00816,1,1,1097,0.0820419325432999
Bobby Lawrence,P00760,2,0,2197,0.08192990441511151
Joshua Tah,P00039,1,1,1099,0.0818926296633303
Shamar Gordon,P00765,2,2,2199,0.08185538881309685
Gary Delgado,P00569,1,1,1109,0.0811541929666366
Burak Cengiz,P00407,2,5,2254,0.07985803016858918
Woo-young Na,P00842,1,1,1132,0.07950530035335689
Sandro Scamacca,P00111,2,1,2272,0.07922535211267606
Mothobi Mokoena,P01231,1,2,1141,0.07887817703768624
Mateusz Frankowski,P00348,1,0,1156,0.07785467128027682
Mohammed Al-Hammadi,P00948,2,1,2313,0.07782101167315175
Damion Marshall,P00762,2,2,2313,0.07782101167315175
Ousmane Konate,P00015,1,4,1160,0.07758620689655173
Leroy Werner,P00032,1,2,1168,0.07705479452054795
Sphephelo Moseamedi,P01232,1,0,1168,0.07705479452054795
Bobby Lambert,P00769,2,6,2345,0.07675906183368869
Aurelien Rabiot,P00007,1,1,1173,0.07672634271099744
Achraf Bounou,P01044,2,2,2366,0.0760777683854607
Damion Bishop,P00771,2,9,2375,0.07578947368421053
Yann Elvedi,P00241,1,1,1194,0.07537688442211056
Wilfred Moffi,P01072,1,1,1196,0.07525083612040134
Ricardo Mbabu,P00242,1,1,1198,0.07512520868113523
Angel Garay,P00512,1,4,1215,0.07407407407407407
Sardor Holmatov,P00976,1,6,1216,0.07401315789473684
Ahmed Mahmoud,P00955,2,4,2434,0.07395234182415776
Timothy Yedlin,P00668,1,1,1229,0.07323026851098453
Joe Ajayi,P01083,1,2,1229,0.07323026851098453
Ramiz Boufantin,P01188,1,3,1230,0.07317073170731707
Ehsan Moradi,P00876,1,4,1236,0.07281553398058253
Cyle Waterman,P00717,1,1,1237,0.07275666936135812
Piotr Cash,P00352,1,6,1242,0.07246376811594203
Karim Dejagah,P00868,1,1,1244,0.07234726688102894
Nemanja Lazovic,P00294,1,0,1247,0.07217321571772253
Claudio Pavez,P00558,1,2,1249,0.07205764611689351
Arturo Riquelme,P00568,1,2,1251,0.07194244604316546
Michail McCarey,P00768,2,5,2533,0.07106198183971575
Ronwen Dolly,P01230,1,2,1268,0.07097791798107256
Samuel Uzoho,P01080,1,5,1272,0.07075471698113207
Ludwig Elanga,P00373,1,2,1281,0.0702576112412178
Cody Dumfries,P00135,2,0,2567,0.07012076353720297
Alexander Ndicka,P00378,1,3,1291,0.069713400464756
Arkadiusz Puchacz,P00354,1,0,1300,0.06923076923076923
Antonio Havertz,P00051,1,0,1303,0.06907137375287797
Yann Blerim,P00250,1,4,1303,0.06907137375287797
Edson Layun,P00683,1,0,1304,0.06901840490797546
Jude Grealish,P00083,1,0,1309,0.06875477463712758
Erick Valdivia,P00563,1,3,1311,0.06864988558352403
James Munoz,P00542,1,3,1312,0.06859756097560976
Hassan Al-Nobi,P00951,2,8,2629,0.06846709775580069
Andrej Sutalo,P00218,1,0,1327,0.06782215523737754
Joshua Rudiger,P00030,1,2,1327,0.06782215523737754
Mikkel Hansen,P00279,1,3,1327,0.06782215523737754
Sergino Busio,P00660,1,0,1327,0.06782215523737754
Hwang Choi,P00850,1,2,1337,0.06731488406881077
Lyle Makgopa,P01228,1,1,1344,0.06696428571428571
Hirving Pineda,P00690,1,1,1346,0.06686478454680535
Saman Abdollahzadeh,P00874,1,2,1353,0.06651884700665188
Dmytro Zinchenko,P00436,1,2,1357,0.06632277081798084
Antonee Carter-Vickers,P00658,1,0,1359,0.06622516556291391
Gary Diaz,P00552,1,0,1363,0.06603081438004402
In-beom Jung,P00840,1,2,1369,0.06574141709276844
Lyle Mothiba,P01237,1,3,1371,0.06564551422319474
Alireza Rezaeian,P00864,1,0,1374,0.06550218340611354
Brenden McKennie,P00670,1,10,1375,0.06545454545454545
Alexis Almada,P00506,1,0,1376,0.06540697674418605
Diego Vega,P00685,1,1,1382,0.06512301013024602
Jose Torreira,P00579,1,0,1384,0.06502890173410404
Youssef Laidouni,P01149,1,1,1389,0.06479481641468682
Nicolas Mba,P01136,1,1,1390,0.06474820143884892
Florian Kick,P00331,1,2,1390,0.06474820143884892
Luis Sinisterra,P00533,1,6,1394,0.06456241032998565
Eden Castagne,P00162,1,3,1395,0.06451612903225806
Kamaldeen Ayew,P01117,1,0,1403,0.06414825374198146
Percy Williams,P01226,1,0,1405,0.06405693950177936
In-beom Seol,P00849,1,3,1415,0.0636042402826855
Nader Chalali,P01161,1,5,1417,0.06351446718419196
Guillermo Almada,P00686,1,0,1418,0.06346967559943582
Mat Cummins,P00922,1,2,1420,0.06338028169014084
Victor Ola-Aina,P01079,1,7,1422,0.06329113924050633
Moussa Fall,P01026,1,2,1427,0.06306937631394534
Stefan Hinteregger,P00320,1,1,1427,0.06306937631394534
Omar Koka,P01210,1,0,1428,0.06302521008403361
Jan Bednarek,P00344,1,0,1431,0.06289308176100629
Kalidou Mendy,P01019,1,1,1435,0.0627177700348432
Ciro Immobile,P00130,1,3,1435,0.0627177700348432
Hussein Ibrahim,P00998,1,0,1436,0.06267409470752089
Amr Marmoush,P01216,1,0,1446,0.06224066390041494
Sardar Ansarifard,P00863,1,0,1447,0.06219765031098825
Salem Al-Faraj,P00888,1,1,1448,0.06215469613259668
Rafael Guedes,P00189,1,2,1453,0.06194081211286992
Callum Christie,P00453,1,1,1456,0.061813186813186816
Alexander Hiljemark,P00386,1,1,1458,0.06172839506172839
Tajon Utoikamanu,P00711,1,1,1465,0.06143344709897611
Ibrahim Taher,P01003,1,1,1466,0.061391541609822645
Harry King,P00926,1,5,1470,0.061224489795918366
Richarlison Ferreira,P00479,1,1,1472,0.06114130434782609
Mohamed Elneny,P01200,1,1,1473,0.06109979633401222
Emiliano Acuna,P00509,1,7,1482,0.06072874493927125
Son Lee,P00836,1,2,1489,0.06044325050369376
Vincent Lea,P01134,1,1,1493,0.060281312793034156
Husniddin Umarov,P00971,1,2,1493,0.060281312793034156
Boulaye Diouf,P01031,1,0,1498,0.06008010680907877
Kamil Jozwiak,P00350,1,0,1500,0.06
Alex Ekong,P01073,1,4,1506,0.0597609561752988
Otabek Yoldoshev,P00968,1,3,1514,0.059445178335535004
Kasey Williams,P00772,2,1,3035,0.05930807248764415
Raul Antuna,P00691,1,3,1523,0.05909389363099146
Christian Sargent,P00663,1,2,1525,0.05901639344262295
Raul Herrera,P00682,1,0,1528,0.05890052356020943
Dusan Zivkovic,P00295,1,1,1544,0.05829015544041451
Florian Brandt,P00037,1,1,1551,0.058027079303675046
Hannibal Mathlouthi,P01153,1,0,1551,0.058027079303675046
Olivier Badiashile,P00012,1,0,1553,0.05795235028976175
Vincent Castelleto,P01125,1,0,1556,0.05784061696658097
Hussein Sadiq,P01007,1,2,1558,0.05776636713735558
Mohannad Al-Amiri,P00992,1,0,1558,0.05776636713735558
Idrissa Seck,P01037,1,1,1560,0.057692307692307696
Marco Carvajal,P00062,1,0,1567,0.05743458838544991
Neymar Pereira,P00481,1,3,1569,0.05736137667304015
Ademola Dessers,P01077,1,2,1570,0.057324840764331204
Dani Garcia,P00063,1,0,1586,0.05674653215636822
Mohamed Hassan,P01205,1,1,1588,0.05667506297229219
Pierre-Emile Damsgaard,P00265,1,2,1590,0.056603773584905655
Jan Rybus,P00353,1,1,1590,0.056603773584905655
Aleksandar Kostic,P00291,1,0,1592,0.056532663316582916
Timo Henrichs,P00038,1,1,1602,0.056179775280898875
Richarlison Junior,P00488,1,5,1603,0.056144728633811605
Weston Dest,P00655,1,0,1611,0.055865921787709494
Samuel Toko-Ekambi,P01122,1,0,1612,0.05583126550868486
Enes Celik,P00399,1,1,1613,0.05579665220086794
Sandro Chiesa,P00128,1,1,1616,0.055693069306930694
Ritsu Ito,P00814,1,0,1616,0.055693069306930694
Fabian Ndoye,P00244,1,0,1617,0.05565862708719852
Ruslan Makarenko,P00425,1,0,1617,0.05565862708719852
Kaoru Yoshida,P00812,1,3,1617,0.05565862708719852
Pedro Torres,P00056,1,0,1621,0.05552128315854411
Harry Leckie,P00917,1,0,1624,0.05541871921182266
Ronald De Arrascaeta,P00580,1,3,1625,0.055384615384615386
Santiago Corona,P00680,1,2,1627,0.05531653349723417
Ben Castillo,P00562,1,0,1630,0.05521472392638037
Christian Robinson,P00654,1,0,1634,0.055079559363525085
Pedro Neto,P00192,1,1,1638,0.054945054945054944
James Ospina,P00525,1,0,1652,0.05447941888619855
Celso Tejeda,P00735,1,1,1661,0.054184226369656835
Ramiz Slimani,P01179,1,0,1665,0.05405405405405405
Simon Dolberg,P00266,1,3,1665,0.05405405405405405
Dostonbek Kenjayev,P00979,1,5,1666,0.054021608643457376
Dominik Kljulanovic,P00226,1,4,1667,0.05398920215956808
Abdiel Martinez,P00788,1,0,1678,0.05363528009535161
Nicolo Vicario,P00119,1,5,1678,0.05363528009535161
Martin Njie,P01130,1,2,1680,0.053571428571428575
Gonzalo Ramirez,P00606,1,0,1682,0.0535077288941736
Pierre-Emile Christensen,P00274,1,3,1687,0.053349140486069944
Federico Coates,P00578,1,0,1707,0.05272407732864675
Gabriel Souza,P00484,1,2,1715,0.052478134110787174
Randal Brenes,P00737,1,1,1716,0.05244755244755245
Neymar Mendes,P00472,1,1,1716,0.05244755244755245
Alexis Pulgar,P00550,1,0,1718,0.05238649592549476
Jorge Cordova,P00687,1,2,1721,0.05229517722254503
Luis Araujo,P00576,1,2,1724,0.052204176334106726
Eric Aguilar,P00787,1,0,1726,0.05214368482039397
Ryan Forrest,P00452,1,0,1727,0.05211349160393746
Jakub Helik,P00349,1,1,1733,0.05193306405077899
Min-jae Song,P00847,1,6,1747,0.05151688609044075
Mateo Pasalic,P00213,1,0,1757,0.051223676721684694
Safaa Abbas,P00997,1,3,1758,0.051194539249146756
Patrick Alvarado,P00738,1,1,1760,0.05113636363636363
Bukayo Alexander-Arnold,P00085,1,3,1763,0.05104934770277936
Hassan Al-Zahrani,P00894,1,0,1766,0.05096262740656852
Harry Rice,P00082,1,1,1766,0.05096262740656852
Casemiro Alexandre,P00476,1,1,1766,0.05096262740656852
Irfan Enes,P00401,1,1,1769,0.05087620124364047
Victor Aribo,P01070,1,1,1771,0.050818746470920384
Jack Toney,P00088,1,1,1772,0.05079006772009029
Jannik Olsen,P00272,1,0,1775,0.05070422535211268
Hakim Aguerd,P01058,1,1,1776,0.05067567567567568
Diego Vina,P00583,1,1,1780,0.050561797752808994
Dusan Radonjic,P00299,1,0,1780,0.050561797752808994
Youssef Dahmen,P01158,1,1,1784,0.05044843049327354
Selim Saiss,P01060,1,1,1786,0.05039193729003359
Aaron Goodwin,P00915,1,2,1787,0.05036373810856184
Yassine Dari,P01048,1,0,1787,0.05036373810856184
Burak Tufan,P00398,1,0,1799,0.05002779321845469
Jack White,P00097,1,8,1800,0.05
Rodrigo Trezeguet,P00591,1,3,1807,0.04980630879911455
Aaron Metcalfe,P00924,1,0,1807,0.04980630879911455
Yerry Cantillo,P00536,1,3,1820,0.04945054945054945
Sofiane Zerrouki,P01176,1,3,1829,0.04920721705850191
Montassar Sassi,P01156,1,0,1830,0.04918032786885246
Gavi Ramos,P00066,1,7,1838,0.04896626768226333
Scott Patterson,P00447,1,2,1842,0.048859934853420196
Ismaila Ba,P01025,1,0,1851,0.04862236628849271
Renato Lliuya,P00643,1,4,1861,0.04836109618484686
Trezeguet Ashour,P01202,1,0,1874,0.048025613660619
Caglar Guler,P00397,1,4,1875,0.048
Islam Touzi,P01182,1,0,1881,0.04784688995215312
Alisson Oliveira,P00478,1,1,1882,0.04782146652497343
Randal Salas,P00746,1,1,1898,0.04741833508956796
Josko Musah,P00225,1,1,1898,0.04741833508956796
Axel Lammens,P00175,1,3,1899,0.04739336492890995
Hakim Ezzalzouli,P01049,1,4,1899,0.04739336492890995
Yusuf Kilicsoy,P00400,1,3,1901,0.04734350341925302
Piotr Szymanski,P00343,1,0,1910,0.04712041884816755
David Lucumi,P00532,1,3,1915,0.04699738903394256
Ruben Fernandes,P00202,1,4,1938,0.04643962848297213
Luis Sanchez,P00524,1,0,1955,0.04603580562659846
Dusan Gudelj,P00290,1,1,1959,0.045941807044410414
Liam Cornelius,P00713,1,1,1981,0.04543160020191822
Andrew Adams,P00446,1,1,1994,0.04513540621865597
Xavi Veerman,P00142,1,0,2010,0.04477611940298507
Ansu Alba,P00061,1,2,2013,0.044709388971684055
Oscar Chacon,P00739,1,0,2025,0.044444444444444446
Mohamed Hamdi,P01209,1,4,2038,0.04416094210009813
Jason Theate,P00168,1,1,2048,0.0439453125
Luka Barisic,P00221,1,4,2056,0.04377431906614786
Adrian Rodrigues,P00773,1,3,2076,0.04335260115606936
Bobir Rashidov,P00982,1,3,2106,0.042735042735042736
Cengiz Kahveci,P00395,1,0,2114,0.04257332071901608
Declan Trippier,P00086,1,3,2125,0.042352941176470586
Romain Mazraoui,P01045,1,0,2130,0.04225352112676056
Scott Lewis,P00456,1,8,2140,0.042056074766355145
Teun Gravenberch,P00141,1,2,2164,0.041589648798521256
Almoez Muntari,P00941,1,1,2176,0.04136029411764706
Firas Al-Amri,P00889,1,2,2191,0.041077133728890915
Stephan Chiesa,P00124,1,6,2217,0.04059539918809202
Kevin Tielemans,P00160,1,2,2254,0.03992901508429459
Thomas Openda,P00167,1,0,2268,0.03968253968253968
Boualem Hasan,P00943,1,1,2276,0.03954305799648506
Ronald Varela,P00589,1,2,2276,0.03954305799648506
André Yotun,P00632,1,2,2289,0.039318479685452164
Hassan Pedro,P00942,1,1,2324,0.0387263339070568
Adrian Simpson,P00764,1,2,2397,0.03754693366708385
Craig Borges,P00921,1,0,2414,0.03728251864125932
Selim Benoun,P01051,1,0,2457,0.03663003663003663
Abdelaziz Al-Mohannadi,P00954,1,6,2500,0.036000000000000004
Karim Barsham,P00944,1,2,2529,0.03558718861209965
Leon Lowe,P00758,1,3,2687,0.033494603647190174
Alvaro Oyarzabal,P00059,0,1,1484,0.0
Alvas Holness,P00766,0,0,1915,0.0
Amir Younis,P00996,0,1,1599,0.0
Amr Afsha,P01207,0,2,1394,0.0
Theo Varane,P00009,0,1,1722,0.0
Thibaut Vertonghen,P00163,0,1,1626,0.0
Joshua Musiala,P00027,0,0,623,0.0
Timothy Zimmerman,P00659,0,1,1272,0.0
Trezeguet Trezeguet,P01199,0,0,1176,0.0
Tyler Balogan,P00657,0,2,1202,0.0
Victor Chukwueze,P01067,0,0,944,0.0
Ajdin Jones,P00927,0,3,2034,0.0
Ajdin Rogic,P00918,0,1,2292,0.0
Akram Ali,P00937,0,0,1661,0.0
Aleksandar Savic,P00288,0,2,1162,0.0
Alessandro Udogie,P00116,0,1,2263,0.0
Alex Awoniyi,P01082,0,3,1283,0.0
Alexander Ekdal,P00369,0,0,1411,0.0
Alexander Hohberg,P00636,0,1,1600,0.0
Alexander Lindelof,P00366,0,0,1157,0.0
Hassan Abdulla,P00939,0,0,1761,0.0
Mateo Brozovic,P00210,0,2,1717,0.0
Mateo Stanisic,P00222,0,4,1772,0.0
Mathew Behich,P00914,0,0,1685,0.0
Mathew Boyle,P00923,0,3,1841,0.0
Mathew Mooy,P00911,0,1,1244,0.0
Mauricio Montes,P00555,0,0,1181,0.0
Mauricio Riquelme,P00564,0,4,1412,0.0
Maximilian Seiwald,P00321,0,2,984,0.0
Young-woo Jeong,P00843,0,2,1437,0.0
Mehdi Hajsafi,P00862,0,1,1489,0.0
Memphis Simons,P00136,0,0,2085,0.0
Memphis van Dijk,P00133,0,0,1355,0.0
Merih Kokcu,P00396,0,1,1519,0.0
Frenkie de Ligt,P00134,0,1,1866,0.0
Gabriel Alisson,P00475,0,0,1476,0.0
Gary Isla,P00549,0,0,726,0.0
Gavi Morata,P00054,0,1,1290,0.0
Gianluca Advincula,P00626,0,1,1486,0.0
Gianluca Tapia,P00629,0,0,1686,0.0
Gianluigi Chiesa,P00105,0,0,1064,0.0
Gianluigi Verratti,P00108,0,1,1792,0.0
Giovanni Musah,P00656,0,1,1526,0.0
Giovanni Weah,P00653,0,0,951,0.0
Gonzalo Zapata,P00615,0,2,1383,0.0
Graeme Doak,P00450,0,1,1785,0.0
Graeme Jack,P00459,0,2,1340,0.0
Granit Rodriguez,P00238,0,2,1119,0.0
Merih Turan,P00393,0,0,1646,0.0
Michael Cooper,P00783,0,0,1022,0.0
Michael Escobar,P00786,0,2,1709,0.0
Michail Gray,P00756,0,1,1738,0.0
Michail Pinnock,P00759,0,3,1950,0.0
Min-jae Son,P00835,0,0,774,0.0
Mohamed Marmoush,P01197,0,1,940,0.0
Mohammed Partey,P01093,0,1,1167,0.0
Mohammed Sulemana,P01096,0,0,1381,0.0
Federico Pellegrini,P00109,0,4,2099,0.0
Federico Tonali,P00106,0,0,923,0.0
Felix Rodriguez,P00609,0,0,1979,0.0
Ferran Pau,P00060,0,0,1759,0.0
Filip Daka,P00376,0,0,952,0.0
Filip Milinkovic-Savic,P00289,0,0,1062,0.0
Firas Al-Shahrani,P00886,0,0,1258,0.0
Florian Waldschmidt,P00322,0,1,1241,0.0
Francisco Aguilar,P00745,0,5,1527,0.0
Francisco Wallace,P00736,0,3,1806,0.0
Frenkie Gakpo,P00131,0,3,1342,0.0
Mohannad Hussein,P00989,0,2,1142,0.0
Moises Mena,P00600,0,1,935,0.0
Moises Minda,P00612,0,1,1651,0.0
Moises Torres,P00603,0,2,1973,0.0
Morteza Karimi,P00869,0,3,1177,0.0
Moses Agbadou,P01085,0,1,1810,0.0
Mostafa Attia,P01204,0,1,1583,0.0
Moumi Hongla,P01129,0,1,1799,0.0
Mykhailo Besedin,P00431,0,1,1429,0.0
Mykhailo Sudakov,P00419,0,0,1053,0.0
Mykhailo Zabarnyi,P00422,0,1,1175,0.0
Nabil Khezami,P01181,0,2,1501,0.0
Nader Haddadi,P01152,0,2,1570,0.0
Emil Berg,P00370,0,0,1491,0.0
Emil Olsson,P00367,0,0,784,0.0
Emiliano Di Maria,P00497,0,1,900,0.0
Enner Caicedo,P00599,0,1,1220,0.0
Enner Ibarra,P00611,0,2,1356,0.0
Eric Aboubakar,P01120,0,1,1344,0.0
Eric Zambo,P01123,0,0,1831,0.0
Erick Mena,P00554,0,0,1267,0.0
Idrissa Sarr,P01017,0,1,912,0.0
Lyle Mvala,P01225,0,0,887,0.0
Mahmoud Soliman,P01206,0,2,1924,0.0
Manuel Seferovic,P00240,0,2,1440,0.0
Manuel Zuber,P00237,0,0,975,0.0
Marcel Lainer,P00314,0,0,768,0.0
Marco Calafiori,P00121,0,0,1655,0.0
Marco Locatelli,P00112,0,1,1856,0.0
Marcus Mount,P00087,0,1,1731,0.0
Mario Ivanusec,P00219,0,0,1092,0.0
Marko Baumgartlinger,P00315,0,0,1102,0.0
Marko Borrmann,P00327,0,2,915,0.0
Marko Gregoritsch,P00318,0,0,1595,0.0
Marquinhos Santos,P00477,0,4,1800,0.0
Granit Shaqiri,P00235,0,0,1013,0.0
Granit Zakaria,P00247,0,1,1271,0.0
Grzegorz Skoras,P00355,0,2,1743,0.0
Hakan Under,P00391,0,0,641,0.0
Hakan Yilmaz,P00394,0,1,1280,0.0
Haris Steiner,P00246,0,0,1478,0.0
Harold Valenzuela,P00790,0,0,1904,0.0
Harry Bellingham,P00079,0,0,1626,0.0
Harry Phillips,P00091,0,2,1019,0.0
Evidence Zungu,P01234,0,1,1463,0.0
Federico Bentancur,P00575,0,0,1719,0.0
Nahuel Alvarez,P00514,0,3,1498,0.0
Nahuel Correa,P00505,0,1,1551,0.0
Nayef Boufal,P01046,0,0,2316,0.0
Nayef Ziyech,P01043,0,0,1708,0.0
Neymar Junior,P00469,0,1,849,0.0
Nico Ginter,P00035,0,1,1179,0.0
Nicolo Bastoni,P00110,0,2,2284,0.0
Nicolo Immobile,P00107,0,1,1992,0.0
Noussair El Khannouss,P01050,0,0,1696,0.0
Oleksandr Shaparenko,P00421,0,1,1972,0.0
Oleksandr Tsygankov,P00418,0,0,564,0.0
Oleksiy Sobol,P00428,0,1,1558,0.0
Duvan Cuadrado,P00523,0,0,987,0.0
Duvan Lerma,P00526,0,1,1604,0.0
Eden Dendoncker,P00159,0,1,1459,0.0
Edinson Gimenez,P00574,0,0,934,0.0
Edinson Nandez,P00577,0,1,1988,0.0
Eduardo Sissoko,P00008,0,1,1449,0.0
Ehsan Gholizadeh,P00867,0,0,1473,0.0
Eldor Hamrobekov,P00966,0,1,1273,0.0
Eldor Rashidov,P00963,0,0,1203,0.0
Omar Elsaid,P01201,0,1,1554,0.0
Omar Hegazi,P01198,0,1,1349,0.0
Otabek Nasrullaev,P00965,0,0,1072,0.0
Ousmane Hernandez,P00003,0,0,922,0.0
Ousmane Upamecano,P00006,0,0,1372,0.0
Paolo Carrillo,P00628,0,0,1354,0.0
Paolo Flores,P00637,0,3,1852,0.0
Paolo Lapadula,P00625,0,0,876,0.0
Pape Gomis,P01023,0,1,1562,0.0
Paulo Albornoz,P00557,0,1,1036,0.0
Pedro Callens,P00630,0,2,1811,0.0
Pedro Cueva,P00627,0,0,1388,0.0
Pedro Garcia,P00639,0,4,1704,0.0
Pedro Gavi,P00053,0,0,814,0.0
Pepe Carvalho,P00194,0,2,2141,0.0
Percy Zwane,P01223,0,2,1146,0.0
Pervis Gruezo,P00604,0,1,1503,0.0
Pervis Palacios,P00613,0,2,2055,0.0
Pervis Preciado,P00601,0,2,1532,0.0
Phil Rashford,P00081,0,2,472,0.0
Phil Walker,P00084,0,1,1582,0.0
Pierre-Emile Christensen,P00262,0,0,900,0.0
Piotr Glik,P00340,0,1,1405,0.0
Radamel Cuesta,P00530,0,0,1628,0.0
Dejan Augustinsson,P00368,0,1,1638,0.0
Dejan Isak,P00365,0,1,880,0.0
Denzel Malen,P00140,0,2,1366,0.0
Diego Molina,P00617,0,1,1661,0.0
Diego Pacho,P00608,0,2,1540,0.0
Diogo Eustaquio,P00199,0,3,1561,0.0
Diogo Semedo,P00190,0,1,1448,0.0
Dominik Juranovic,P00217,0,6,1884,0.0
Dostonbek Abdurakhmanov,P00970,0,2,1648,0.0
Dusan Mitrovic,P00287,0,0,924,0.0
Ramin Moharrami,P00870,0,0,1186,0.0
Randal Diarra,P00011,0,0,1358,0.0
Rasmus Laursen,P00278,0,8,2020,0.0
Raul Lainez,P00679,0,0,1263,0.0
Jackson Duke,P00913,0,0,1115,0.0
Liam Turnbull,P00451,0,0,1906,0.0
Lionel Alvarez,P00495,0,1,966,0.0
Lionel Martinez,P00498,0,1,1546,0.0
Lorenzo Frascati,P00114,0,3,2109,0.0
Luis Cavani,P00573,0,0,840,0.0
Luis Rodriguez,P00521,0,0,1328,0.0
Luka Kovacic,P00209,0,2,1436,0.0
Luka Vlasic,P00212,0,2,2397,0.0
Hector Vasquez,P00688,0,0,1407,0.0
Hee-chan Hwang,P00834,0,0,762,0.0
Hee-chan Hwang,P00837,0,1,1189,0.0
Osman Mensah,P01104,0,1,1983,0.0
Hidajat Noorollahi,P00866,0,1,1233,0.0
Hirving Alvarez,P00678,0,0,869,0.0
Houssem Belkebla,P01178,0,1,1552,0.0
Hwang Oh,P00841,0,3,1154,0.0
Ibrahim Daoud,P00994,0,1,1421,0.0
Ibrahim Mhawi,P00991,0,0,1131,0.0
Remo Jashari,P00245,0,1,1631,0.0
Remo Shaqiri,P00254,0,1,1282,0.0
Ricardo Kobal,P00251,0,0,1104,0.0
Richie Bomba,P00714,0,0,1917,0.0
Riyad Bennacer,P01171,0,0,893,0.0
Riyad Bensebaini,P01174,0,0,1522,0.0
Cristiano Fernandes,P00183,0,0,1039,0.0
Cristiano Jota,P00186,0,0,1972,0.0
Cyle Borjan,P00708,0,1,1983,0.0
Cyle Buchanan,P00705,0,0,1554,0.0
Daichi Doan,P00810,0,0,1188,0.0
Daichi Kubo,P00807,0,0,755,0.0
Daley Berghuis,P00137,0,2,1909,0.0
Daniel Lens,P01103,0,2,1678,0.0
David Laimer,P00316,0,1,1451,0.0
David Sabitzer,P00313,0,1,661,0.0
Davinson Borja,P00528,0,0,1365,0.0
Robert Krychowiak,P00342,0,3,1420,0.0
Robert Zielinski,P00339,0,0,799,0.0
Robin Björkman,P00372,0,2,1517,0.0
Rodri Fati,P00055,0,0,1278,0.0
Rodri Laporte,P00058,0,3,1993,0.0
Rodrigo Lo Celso,P00501,0,1,1212,0.0
Rodrigo Olivera,P00582,0,0,1314,0.0
Rodrygo Costa,P00483,0,2,1718,0.0
Rodrygo Fabinho,P00474,0,0,1690,0.0
Rodrygo Paqueta,P00471,0,2,1184,0.0
Romain Amrabat,P01042,0,0,1346,0.0
Juan Quintero,P00529,0,1,1781,0.0
Romelu Courtois,P00158,0,0,1182,0.0
Romelu Witsel,P00161,0,1,2321,0.0
Ronald Haxiel,P00740,0,1,1565,0.0
Casemiro Carvalho,P00485,0,1,1461,0.0
Celso Zuniga,P00744,0,4,1541,0.0
Jude Saka,P00080,0,0,1268,0.0
Cengiz Soyuncu,P00392,0,0,1567,0.0
Cesar Rojas,P00791,0,2,1656,0.0
Christian Hojbjerg,P00261,0,0,1302,0.0
Christian McKennie,P00651,0,0,919,0.0
Christian Valera,P00633,0,1,1492,0.0
Ciro Spinazzola,P00113,0,1,2177,0.0
Cody Blind,P00132,0,1,1426,0.0
Julian De Paul,P00496,0,0,669,0.0
Julian Dybala,P00508,0,6,988,0.0
Julian Paredes,P00499,0,1,1106,0.0
Ruben Inacio,P00193,0,0,1490,0.0
Ruslan Bondarenko,P00434,0,3,1478,0.0
Hee-chan Kwon,P00846,0,2,1181,0.0
Jasurbek Alijanov,P00974,0,0,2215,0.0
Jean Ondoa,P01128,0,0,1829,0.0
Jefferson Chara,P00531,0,0,2044,0.0
Jesus Alvarez,P00701,0,4,1218,0.0
Jesus Gutierrez,P00684,0,1,1303,0.0
Kyle Gallagher,P00090,0,0,1672,0.0
Kylian Camavinga,P00004,0,0,1299,0.0
Kylian Griezmann,P00001,0,0,953,0.0
Lautaro Tagliafico,P00502,0,1,1001,0.0
Lazar Grujic,P00305,0,1,1605,0.0
Leander Vanheusden,P00174,0,2,1347,0.0
Leon Antonio,P00755,0,0,1919,0.0
Junya Furuhashi,P00815,0,2,1386,0.0
Leroy Schlotterbeck,P00029,0,0,1222,0.0
Kai Can,P00042,0,3,1462,0.0
Inaki Seidu,P01101,0,2,1803,0.0
Ismael Brahim,P01184,0,1,1410,0.0
Ismael Brahimi,P01172,0,1,1215,0.0
Ismaila Koulibaly,P01034,0,2,1568,0.0
Ivan Gvardiol,P00214,0,2,1828,0.0
Ivan Kramaric,P00211,0,0,594,0.0
Jackson Baccus,P00916,0,1,1291,0.0
Sadio Diatta,P01018,0,1,1166,0.0
Sadio Koulibaly,P01015,0,0,495,0.0
Saleh Al-Abdulkarim,P00899,0,1,1681,0.0
Saleh Al-Ghamdi,P00890,0,0,1735,0.0
Saleh Al-Otaibi,P00887,0,0,1460,0.0
Salem Al-Buraikan,P00885,0,1,1291,0.0
Sam Hoilett,P00712,0,0,1748,0.0
Samuel Choupo-Moting,P01119,0,1,975,0.0
Kalidou Mendy,P01016,0,0,1558,0.0
Kamaldeen Barnieh,P01100,0,3,1536,0.0
Brenden Pepi,P00661,0,0,1369,0.0
Bruno Cancelo,P00187,0,1,2045,0.0
Bruno Leao,P00184,0,0,991,0.0
Bruno Lima,P00480,0,0,1473,0.0
Bryan Duarte,P00731,0,1,509,0.0
Bryan Matarrita,P00734,0,2,1522,0.0
Caglar Abdul,P00406,0,6,1903,0.0
Calvin Sanusi,P01075,0,1,1166,0.0
Samuel Iwobi,P01068,0,0,1256,0.0
Samuel Simon,P01071,0,1,1293,0.0
Santiago Araujo,P00689,0,2,1800,0.0
Santiago Lozano,P00677,0,0,1130,0.0
Sardar Ghoddos,P00860,0,0,612,0.0
Sardor Kobilov,P00964,0,0,1027,0.0
Sardor Zakirov,P00967,0,1,1454,0.0
Kaoru Kamada,P00809,0,0,763,0.0
Scott McGregor,P00444,0,1,1217,0.0
Sebastian Angulo,P00607,0,1,2424,0.0
Sebastian Nunez,P00581,0,1,1675,0.0
Arturo Brereton,P00548,0,1,1068,0.0
Aurelien Thuram,P00016,0,2,1086,0.0
Awer Tilio,P00920,0,2,1509,0.0
Axel Bakayoko,P00166,0,1,1809,0.0
Ayase Suzuki,P00817,0,1,1606,0.0
Aymen Adnan,P00990,0,0,851,0.0
Aymen Attwan,P00993,0,0,1838,0.0
Aymeric Yamal,P00064,0,1,1358,0.0
Azzedine Riad,P01052,0,1,2255,0.0
Ben Sierralta,P00553,0,3,1240,0.0
Bernardo Conceicao,P00197,0,1,1606,0.0
Bernardo Felix,P00185,0,1,1180,0.0
Bobby Hector,P00757,0,0,892,0.0
Almoez Boudiaf,P00938,0,0,1717,0.0
Sergej Milenkovic,P00293,0,0,1441,0.0
Seung-gyu Lee,P00844,0,2,1403,0.0
Simon Poulsen,P00275,0,4,1464,0.0
Simon Wind,P00263,0,0,1072,0.0
Sofiane Mandrea,P01173,0,0,959,0.0
Sofyan Hakimi,P01047,0,1,1743,0.0
Son Hwang,P00833,0,1,1029,0.0
Sphephelo Mbatha,P01241,0,5,1545,0.0
Angel Plata,P00605,0,3,1820,0.0
Anibal Barcenas,P00784,0,2,1513,0.0
Anibal Rodriguez,P00781,0,0,1131,0.0
Jordan Kasim,P01107,0,0,1824,0.0
Ante Budimir,P00220,0,1,2346,0.0
Antoine Kounde,P00005,0,2,1298,0.0
Antoine Saliba,P00014,0,7,1034,0.0
Antoine Tchouameni,P00002,0,0,830,0.0
Antonio Fulle,P00043,0,2,841,0.0
Ao Shiotani,P00825,0,0,1051,0.0
Arkadiusz Dawidowicz,P00345,0,2,1201,0.0
Armando Cummings,P00789,0,1,1852,0.0
Artem Lunin,P00424,0,0,1407,0.0
Arturo Aranguiz,P00551,0,0,1152,0.0
Mehdi Azmoun,P00859,0,0,1505,0.0
Stephan Guglielmo,P00115,0,1,1941,0.0
Stephen Miller,P00709,0,4,1725,0.0
Strahinja Ristic,P00297,0,2,1610,0.0
Stuart Hendry,P00449,0,0,1947,0.0
Alireza Hosseini,P00861,0,0,839,0.0
Karl Kristoffersen,P00375,0,0,1688,0.0
Karl Mbeumo,P01126,0,2,1446,0.0
Kasper Hojbjerg,P00280,0,5,1931,0.0
Kevin Lukaku,P00157,0,0,1281,0.0
Andrija Gudelj,P00298,0,1,1305,0.0
Keylor Calvo,P00732,0,0,2003,0.0
Keylor Campbell,P00729,0,0,1165,0.0
Konrad Bardi,P00328,0,1,814,0.0
Joel Borges,P00730,0,2,1986,0.0
Joel Oviedo,P00733,0,0,1525,0.0
John Bellingham,P00098,0,4,1821,0.0
John Gilmour,P00445,0,1,1086,0.0
John Hanley,P00448,0,0,2100,0.0
Jonathan Adekugbe,P00707,0,2,1918,0.0
Jonathan Eustaquio,P00704,0,0,1079,0.0
Yasser Al-Owais,P00891,0,1,1672,0.0
Jordan Williams,P01095,0,0,1306,0.0
Jose Davis,P00782,0,0,1312,0.0
Jaloliddin Tursunov,P00969,0,0,1187,0.0
Jamal Goretzka,P00031,0,0,1267,0.0
Jamal Havertz,P00028,0,0,777,0.0
James Mina,P00522,0,0,1127,0.0
Jan Milik,P00341,0,0,899,0.0
Stuart Shankland,P00458,0,3,1859,0.0
Sultan Al-Mousa,P00896,0,0,2130,0.0
Takefusa Endo,P00808,0,0,1221,0.0
Takefusa Tanaka,P00811,0,2,1501,0.0
Teboho Maela,P01229,0,0,1450,0.0
Teun Gakpo,P00150,0,3,1543,0.0
Thomas Ayew,P01094,0,0,1074,0.0
Themba Mdantsane,P01236,0,0,1220,0.0
Themba Mokoena,P01224,0,1,728,0.0
Theo Hernandez,P00026,0,1,1210,0.0
Andre Anguissa,P01121,0,0,1007,0.0
Andre Kudus,P01099,0,0,1586,0.0
Andreas Lindstrom,P00267,0,1,1806,0.0
Andreas Vestergaard,P00276,0,1,1186,0.0
Xherdan Fernandes,P00239,0,1,1320,0.0
Andrew McTominay,P00443,0,1,1322,0.0
Youssef Skhiri,P01146,0,0,1504,0.0
Andriy Dovbyk,P00420,0,0,1313,0.0
Andriy Zinchenko,P00417,0,0,1319,0.0
Ahmed Al-Dosari,P00946,0,1,2428,0.0
Angel Gonzalez,P00503,0,3,1076,0.0
Ali Dhaouadi,P01150,0,0,1457,0.0
Ali Mohanad,P00995,0,2,1657,0.0
Ali Talbi,P01147,0,0,1419,0.0
Youri Chadli,P00164,0,0,1526,0.0
Alireza Shojaei,P00873,0,2,1797,0.0
Alistair Fraser,P00710,0,2,1822,0.0
Achraf Saiss,P01041,0,0,1047,0.0
Abdelaziz Ismaeel,P00945,0,3,1473,0.0
Alexis Vidal,P00547,0,0,1008,0.0
Ali Al-Ghannam,P00895,0,1,1754,0.0
Ali Al-Timimi,P01004,0,3,1413,0.0
Xherdan Sommer,P00236,0,0,652,0.0
Abdallah El-Shenawy,P01208,0,3,1597,0.0
Vinicius Guimaraes,P00473,0,1,1496,0.0
Vinicius Martins,P00470,0,0,1403,0.0
Virgil Weghorst,P00139,0,2,1867,0.0
Wahbi Bronn,P01148,0,1,1897,0.0
Wahbi Msakni,P01145,0,0,671,0.0
Wataru Itakura,P00813,0,2,974,0.0
Wataru Ueda,P00822,0,3,1116,0.0
Weston Adams,P00652,0,0,1090,0.0
Aaron Souttar,P00912,0,0,1242,0.0
Wilfred Iheanacho,P01081,0,5,1575,0.0
Wilfred Okafor,P01069,0,0,899,0.0
Woo-young Ji,P00851,0,3,1169,0.0
Xaver Kofler,P00323,0,0,1001,0.0
Alphonso David,P00703,0,0,964,0.0
Josko Bradaric,P00216,0,0,1910,0.0
